author,comment,sentiment,confidence
,AIæµªæ½®è¥²ä¾†ï¼Œæ³›ç§‘å­¸å°‡æ‰“é€ AI å­¸ç¿’ç¾¤çµ„ï¼Œè·Ÿå¤§å®¶ä¸€èµ·ç ´æµªå‰è¡Œã€‚ä½ ï¼Œæº–å‚™å¥½è¦ä¸Šèˆ¹äº†å—ï¼Ÿå¡«å¯«å•å·ï¼Œä¸éŒ¯éæœ€æ–°è³‡è¨Šâ–ºhttps://lihi1.me/NEU6Y,neutral,"{'positive': 0.03, 'neutral': 0.97, 'negative': 0.0}"
@huangjason6557,Chat GPT ç¾åœ¨éšæ®µçµ¦äººçš„æ„Ÿè¦ºæ˜¯ï¼šâ€å°ˆå®¶çœ¼ä¸­çš„ç™½ç—´ï¼Œä¸€èˆ¬äººçœ¼ä¸­çš„å°ˆå®¶â€œ ï¼Œç›®å‰é‚„ç„¡æ³•å®Œå…¨å–ä»£äººé¡ç¤¾æœƒé«˜åº¦å°ˆæ¥­çš„å·¥ä½œï¼Œä½†æ˜¯å°æ–¼é–€å¤–æ¼¢æƒ³è¦çŸ¥é“æŸå€‹å°ˆæ¥­çš„åŸºç¤çŸ¥è­˜å¾ˆæœ‰å¹«åŠ©ã€‚ ç•¶ç„¶ GPT çš„ç¼ºé»å†ç©éå¹¾æ¬¡å°±æœƒç™¼ç¾ï¼Œä»–å°±åƒæ˜¯ä¸€å€‹è¶…ç´šæœƒæŠ„ç­”æ¡ˆçš„è¶…ç´šå­¸ç”Ÿï¼Œä¸å¤ªæœƒçµ¦å‡ºæ„æ–™ä¹‹å¤–çš„ç­”æ¡ˆï¼Œæœ‰ä»€éº¼æŠ„ä»€éº¼ï¼Œå¸¸å¸¸å‡ºç¾èªå¥éé•·çš„æƒ…æ³ã€‚ æœŸå¾… Bard å¯ä»¥è·Ÿä¸Š GPT çš„è…³æ­¥ã€‚,mixed,"{'positive': 0.31, 'neutral': 0.13, 'negative': 0.56}"
@TheStevenno3,"æˆ‘çš„ç¶“é©—ï¼Œ(ChatGPT)ç”Ÿæˆå¼æ¨¡å‹é©åˆç”¢ç”Ÿé‚£ç¨®""å¤§çœ¾ç´„å®šæˆä¿—çš„ç­”æ¡ˆ"" 
æ¯”å¦‚æ¨¡ç‰ˆå›ä¿¡ã€ä¸­éšä»¥ä¸‹çš„ç¿»è­¯(é©åˆèªè¨€åˆå­¸è€…)ã€è·¨é ˜åŸŸçš„æ¨¡ç‰ˆå®¢æœ(é€£é†«å­¸ä¹Ÿå¯ä»¥)ã€æ¨è–¦é¤å»³ã€æ—…éŠç­‰ç­‰
ä¸é©åˆéœ€è¦é‚è¼¯åˆ†æå¾Œçš„ç­”æ¡ˆï¼Œ",neutral,"{'positive': 0.14, 'neutral': 0.82, 'negative': 0.03}"
@SHYANG-tt3qv,å¤ªå¥‡ç•°äº†ï¼Œå‰å¹¾å¹´æ“”å¿ƒæ©Ÿå™¨äººã€AIé€™é¡æ±è¥¿å–ä»£çš„æ˜¯å‹å‹•åŠ›ç‚ºä¸»ï¼Œé‡è¤‡æ€§é«˜çš„å·¥ä½œï¼›æ²’æƒ³åˆ°å¤§åˆ€ä¸€æ®ï¼Œå…ˆå–ä»£çš„æ˜¯ç¹ªç•«ã€å‰µæ„ç™¼æƒ³é€™é¡è¬›æ±‚å‰µé€ åŠ›çš„å·¥ä½œã€‚,negative,"{'positive': 0.18, 'neutral': 0.08, 'negative': 0.73}"
@maxyeh4409,æˆ‘æ›¾ç¶“è©¦éè®“ChatGPTè¨­ç«‹æ¢ä»¶åœ°å¯«å‡ºä¸ƒè¨€çµ•å¥ï¼Œç”šè‡³è¦æ±‚ChatGPTè¦åœ¨æŸä¸€å¥æ­£ç¢ºçš„æŠ¼éŸ»ï¼ŒChatGPTä¹Ÿèƒ½åšåˆ°ï¼Œé›–ç„¶å­—å¥æœ¬èº«ç”¨å­—è¡¨ç¾ä¸¦ä¸è®“äººé©šè‰·ï¼Œä½†å­—å¥é€šæš¢ï¼Œåªè¦ç¨å¾®ä¿®æ”¹ï¼Œå·²ç¶“æ˜¯å¯ä»¥æ‹¿ä¾†å¯¦éš›é‹ç”¨çš„ç­‰ç´šï¼Œæˆ‘æ˜¯å¾ˆéœ‡é©šï¼Œé€™åªæ˜¯ä¸€å€‹é–‹å§‹è€Œå·²ï¼Œç™¼å±•é€Ÿåº¦çµ•å°å‡ºä¹äººé¡æ„æ–™,positive,"{'positive': 0.61, 'neutral': 0.32, 'negative': 0.07}"
@ryanminato1735,"GPTçš„æœ€åä¸€ä¸ªTæ˜¯Transformerï¼Œä¸æ˜¯Trainâ€¦â€¦
å…¨åæ˜¯Generative Pre-trained Transformerã€‚

è¿™ä¸ªTransformerï¼Œæœ¬èº«å°±æ˜¯Google Brainç»™çš„çµé­‚(Attention is All You Need - Google Brain, 2017)",neutral,"{'positive': 0.02, 'neutral': 0.97, 'negative': 0.0}"
@elinliu3775,çœ‹éä¸€äº›äººä»‹ç´¹chatgptï¼Œå”¯ç¨ä½ å€‘ä»‹ç´¹äº†ä»–èªè¨€ç”Ÿæˆçš„æ–¹å¼è·Ÿé‚è¼¯ï¼Œè¶…æ£’çš„ã€‚,positive,"{'positive': 1.0, 'neutral': 0.0, 'negative': 0.0}"
@dipsygenius,"GPT å…¨åæ˜¯ Generative Pre-trained Transformer
å½±ç‰‡ä¸­æ¼æ‰å¾ˆé‡è¦çš„Transformer
é€™æ˜¯ç›®å‰é€™é¡èªè¨€æ¨¡å‹çš„åŸºçŸ³",neutral,"{'positive': 0.05, 'neutral': 0.94, 'negative': 0.01}"
@a86771688,å°æˆ‘è€Œè¨€ï¼Œæˆ‘å¸Œæœ›é è¨€æ¨¡å‹èƒ½æ•´åˆåˆ°èªéŸ³æ¨¡å‹ï¼Œç„¶å¾Œæ•´åˆåœ¨ç§‘æŠ€ç”¢å“å…§ï¼Œé€™æ¨£æˆ‘å°±æœƒæ„Ÿè¦ºæœ‰ä¸€å€‹å¾ˆè°æ˜çš„åŠ©æ‰‹ï¼Œä¾‹å¦‚ï¼šè»Šè¼‰ç³»çµ±ï¼Œæˆ‘ä¸€å€‹äººé–‹è»Šï¼Œå°±å¯ä»¥é †ä¾¿è·ŸAIèŠå¤©äº†ï¼Œå°±ä¸æœƒç„¡èŠäº†,positive,"{'positive': 0.7, 'neutral': 0.29, 'negative': 0.01}"
@binladan911,ä¹‹å‰çœ‹éæœ‰äººå•ChatGPTå¦‚ä½•æ”¹å–„äº¤é€šï¼Œæ¯”é‚£äº›è…³ç—›éƒ¨çš„æ£ºçŒ¿å¥½å¤šäº†ã€‚è®“AIä¾†æ¥ç®¡äº¤é€šéƒ¨å’Œäº¤é€šå±€é‚„æœ‰å…¨é¢ç§‘æŠ€åŸ·æ³•ï¼Œäº¤é€šä¸€å®šæœƒè®Šè¶…å¥½ã€‚,positive,"{'positive': 0.91, 'neutral': 0.06, 'negative': 0.03}"
@ne239,"æœŸå¾…æœªä¾†çš„ç™¼å±•
å¸Œæœ›AIèƒ½åƒé‚£äº›æº«é¦¨çš„æ©Ÿå™¨äººé›»å½±ä¸€æ¨£(æ¯€æ»…ä¸–ç•Œçš„å°±å…ˆä¸è¦äº†)
çœŸçš„è®“äººè¦ºå¾—æœ‰äººçš„æº«åº¦",positive,"{'positive': 0.98, 'neutral': 0.01, 'negative': 0.01}"
@f4568525153,openGPTæ˜¯ä¸€å€‹é‡Œç¨‹ç¢‘  çœŸçš„æ˜¯æˆ‘ä»¥å‰æƒ³åƒä¸­çš„æ©Ÿå™¨äºº,neutral,"{'positive': 0.31, 'neutral': 0.69, 'negative': 0.0}"
@cht4155,å¿…é ˆè¦ç™¼å±•AIå»åˆ¶ç´„AIï¼Œé¡ä¼¼æ–¼æ”¾ä»»ä¸€å€‹AIè‡ªç”±é€²åŒ–(ä»»ä½•å…¬å¸å±•çš„AI)ï¼Œä½†ä¹Ÿè¦ç”±æ›´å¼·å¤§çš„AIå»ç®¡æŸæˆ–èª¿æ•´ï¼Œå› ç•¶ä¸€å€‹è¶…è¶Šäººé¡æ§åˆ¶çš„æ±è¥¿éœ€è¦ä¸€å€‹è¶…è¶Šäººé¡æ§åˆ¶çš„æ±è¥¿å»æ§åˆ¶ï¼Œä¾‹å¦‚é›»è…¦çš„é‹ç®—è¤‡é›œç¨‹åº¦å°±æ˜¯è¶…è¶Šäººçš„ç†è§£ï¼Œä½†é‹ç”¨åˆ°å…¶ä»–èªè¨€æ¨¡å‹å±•ç¾ç¨‹å¼ç¢¼äººé¡å°±èƒ½æ¸…æ¥šåœ°å»æ§åˆ¶ã€‚,neutral,"{'positive': 0.08, 'neutral': 0.87, 'negative': 0.04}"
@heheheihei,å½“ä¸‹çœŸæ˜¯äººç±»æœ€å¥½çš„ä¸€ä¸ªæ—¶ä»£ï¼Œå¤šå…ƒæœ‰è¶£ï¼Œç§‘æŠ€è®©å¤šå…ƒæ›´å¤šå…ƒï¼Œæœ‰è¶£æ›´æœ‰è¶£ï¼è‡´æ•¬ç§‘å­¦å®¶å·¥ç¨‹å¸ˆ,positive,"{'positive': 0.99, 'neutral': 0.0, 'negative': 0.0}"
@yooyoo1440,å°å­¸ç”Ÿä¾†èªªæŠŠè‰±æ¾€é›£æ‡‚çš„å­¸è¡“å…§å®¹å¿«é€Ÿç¸½çµçµ±æ•´çœŸçš„å¾ˆæ–¹ä¾¿ï¼,positive,"{'positive': 1.0, 'neutral': 0.0, 'negative': 0.0}"
@ztleatherXXX,"ç›®å‰çœ‹éæœ€æ·ºé¡¯æ˜“æ‡‚çš„GPTåŸç†ä»‹ç´¹å½±ç‰‡ï¼Œ
æ‰€ä»¥æˆ‘çš„ç†è§£æ˜¯ï¼Œç›®å‰ChatGPTåªèƒ½æŒ‘é¸å¤§çœ¾åŒ–çš„èªè¨€ç¿’æ…£ï¼Œé€™äº›è³‡è¨Šéƒ½æ˜¯ç¶²è·¯å¤§å¤šæ•¸äººè®šåŒçš„ï¼Œä½†å¤§å¤šæ•¸äººè´ŠåŒçš„äº‹ä¸¦ä¸ä»£è¡¨çµ•å°çš„æ­£ç¢ºæ€§ï¼ŒChatGPTæ‰€è¡¨ç¾çš„ã€Œå‰µæ„ã€ä¹Ÿæ˜¯åœ¨é€™æ¨£çš„åŸºç¤ä¸Šåœ¨åŠ ä¸€äº›äº‚æ•¸æ±ºå®šçš„ï¼Ÿé€™æ¨£ä¸å°±é™åˆ¶äº†æ‰€è¬‚çš„å‰µæ„ï¼Œç”¨å¤§å¤šæ•¸äººè´ŠåŒçš„è³‡è¨Šå»åšæ’åˆ—çµ„åˆï¼Œè€Œå¿½ç•¥æ‰ä¸€äº›å°‘æ•¸ä½†å»æ›´å°ˆæ¥­æ›´æœ‰é–‹æ‹“æ€§çš„è³‡è¨Šäº†",positive,"{'positive': 0.79, 'neutral': 0.15, 'negative': 0.06}"
@user-qo1mt8ko7j,"ç•¶ç„¶æ˜¯è¦è®“æ¯å€‹äººéƒ½æœ‰GPT ç„¶å¾ŒGPTèˆ‡GPTä¹‹é–“åœ¨å»äº¤è«‡äº¤æ›è¨Šæ¯ é€™æ¨£æ¯å€‹äººçš„GPTéƒ½èƒ½æœ‰ç¨ç‰¹çš„åŸå§‹è³‡æ–™åŠ ä¸Šå¯ä»¥äº¤è«‡äº¤æ›è¨Šæ¯ä¾†ç²å–è³‡æ–™
ä¸€å€‹ä¸¦ä¸è°æ˜ é›†åˆèµ·ä¾†æ‰è®Šå¾—è¶ŠåŠ è°æ˜ã€‚é¡ç¥ç¶“ç¶²è·¯",neutral,"{'positive': 0.18, 'neutral': 0.79, 'negative': 0.03}"
@BruceChou2014,"LLMçš„æ€è€ƒéˆé€™æ®µçš„è§£è®€èˆ‡åŸæ–‡ä¸åŒï¼ŒåŸè«–æ–‡ä¸­å¯«çš„æ˜¯ã€ŒAs for limitations, we first qualify that although chain of thought emulates the thought processes of human reasoners, this does not answer whether the neural network is actually â€œreasoning,â€ which we leave as an open question.ã€ï¼Œå¾ˆæ˜é¡¯ä½œè€…æƒ³èªªçš„æ˜¯é›–ç„¶å¯ä»¥è§€å¯Ÿåˆ°chain-of-thought promptingèƒ½æœ‰æ•ˆæå‡è¼¸å‡ºçš„å“è³ªï¼Œä½†æ˜¯ç„¡æ³•é©—è­‰æ¨¡å‹æ˜¯å¦çœŸçš„å…·æœ‰æ¨ç†çš„çš„èƒ½åŠ›ã€‚",negative,"{'positive': 0.09, 'neutral': 0.13, 'negative': 0.78}"
@GuGu-wg7si,"ChatGPTè·é›¢ç†æƒ³é‚„å·®å¤ªé 
ç©æ–‡å­—å†’éšªæœƒå¾ˆæ˜é¡¯åœ°å—é™æ–¼ä»–è¨˜æ†¶çš„é•·åº¦é›£ä»¥é †åˆ©é€²è¡Œ
æ‹¿ä¾†å•å•é¡Œå¾ˆé›£ä¿è­‰ç­”æ¡ˆçš„æ­£ç¢ºæ€§
ç”¨ä¾†èŠå¤©çš„æ©Ÿå™¨äººå‘³é‚„æ˜¯å¾ˆé‡",negative,"{'positive': 0.02, 'neutral': 0.03, 'negative': 0.95}"
@doutdeszoo,"å¾å·å…«å­©å•äº”æ¬¡ç·¨äº†äº”å€‹æ•…äº‹ã€å•é¦¬ä¿åœ‹å‡ºä¾†é¦¬è‹±ä¹...
æƒ³èªªæ­·å¹´ç¶“å…¸è³½çš„æˆç¸¾æ˜¯å›ºå®šçš„ï¼Œæ²’æƒ³åˆ°ç«Ÿç„¶é‚„æ˜¯éŒ¯

é›–ç„¶ChatGPTéŒ¯èª¤å¾ˆå¤šï¼Œä½†æ¯”æ‰¾äººèŠé‚„åšå­¸ï¼Œæ¯”Googleç¶²æµ·é€Ÿåº¦å¿«ï¼Œè€Œä¸”å¯ä»¥è¨“ç·´è‡ªå·±å•å•é¡Œã€‚çœŸå¸Œæœ›é›»å½±è£çš„AIäººå½¢æ©Ÿå™¨äººï¼Œåœ¨é€™ä¸€ä»£èƒ½å•ä¸–ï¼Œä¸ç„¶ä¹Ÿæ²’æœ‰ä¸‹ä¸€ä»£äº†ã€‚",mixed,"{'positive': 0.23, 'neutral': 0.14, 'negative': 0.63}"
@op9000977,æˆ‘å¾ˆå¥½å¥‡é€™æ¨£çš„èªè¨€æ¨¡å‹èƒ½ä¸èƒ½æœ‰é•·æœŸè¨˜æ†¶åŠŸèƒ½ ä¸ç„¶æ¯æ¬¡ç©æ–‡å­—å†’éšªéƒ½æœƒå‰å¾ŒçŸ›ç›¾ ,negative,"{'positive': 0.01, 'neutral': 0.04, 'negative': 0.95}"
@richard9815,åŸä¾†GPTè¡ä¼¸çš„æœå‹™æœ‰é€™éº¼å¤šæ¨£äº†â€¦ å¥½å¥½é‹ç”¨é€™äº›å·¥å…·è®“ç”Ÿæ´»æ›´æœ‰æ•ˆç‡äº›ğŸ¥¹,positive,"{'positive': 0.93, 'neutral': 0.07, 'negative': 0.0}"
@hc9984,ç‰‡å­è…³æœ¬æœ€å¾Œé‚„æœ‰å°ˆå®¶å¯©ç¨¿æ©Ÿåˆ¶ï¼Œæˆ‘è¦ºå¾—æ˜¯éå¸¸å¥½çš„ç¤ºç¯„ã€‚,positive,"{'positive': 0.99, 'neutral': 0.01, 'negative': 0.0}"
@quit2100,æ‡‰è©²æ˜¯è®“GPTå­¸ç¿’åˆ°å¯ä»¥é æ¸¬æœªä¾†ã€å¯«å‡ºé è¨€å§ã€‚,neutral,"{'positive': 0.09, 'neutral': 0.9, 'negative': 0.01}"
@user-wy5xl1td7l,æˆ‘å•ä»–å¦‚æœè¼ªæ¤…çš„ä½¿ç”¨è€…åŠ å…¥è…³è¸è»Šè¸æ¿æ˜¯å¦æ›´æœ‰å¹«åŠ©æ™‚ï¼Œ ä»–çš„å›è¦†å±…ç„¶æ˜¯å°æ–¼éƒ¨åˆ†ä½¿ç”¨è€…æœ‰ä¸€å®šç¨‹åº¦çš„å¹«åŠ©ï¼Œä½†å°æ–¼è…³åŠŸèƒ½å—æçš„äººæ²’æœ‰å¹«åŠ©æ™‚ æˆ‘å°±çŸ¥é“é€™å€‹æ±è¥¿çš„æœªä¾†æœ‰å¤šä¸å¯é™é‡,negative,"{'positive': 0.03, 'neutral': 0.02, 'negative': 0.95}"
@truthjustice8886,ä¸çŸ¥äº”å¹´ä»¥å¾ŒAI å°‡ç™¼å±•åˆ°ä»€éº¼ç¨‹åº¦? å¦‚æœAI å„²å­˜çš„è³‡æ–™æ­£ç¢ºï¼Œè€Œä¸”åšå­¸å¤šèï¼Œç·¨åŠ‡ã€è¨˜è€…... é€™äº›é å¯«æ–‡ç« åƒé£¯çš„è·ä½æœƒä¸æœƒæ¶ˆå¤±? å¦‚æœä»¥å¾ŒAI å¯ä»¥å¯«å‡ºä¸€æœ¬åƒæ¨£çš„ç¢©å£«è«–æ–‡ï¼Œé‚£ç ”ç©¶ç”Ÿçš„å·¥ä½œå°±æ˜¯è¼¸å…¥è³‡æ–™è€Œå·²ã€‚,neutral,"{'positive': 0.05, 'neutral': 0.92, 'negative': 0.03}"
@emmanuelbartholomew90,æˆ‘æ„Ÿè¦º çµ±è¨ˆæ¨¡å‹è®Šå¤§è€Œé–‹å§‹ç”¢ç”Ÿæ€ç¶­éˆ  é€™éƒ¨åˆ†å¥½åƒéš±å«ç€å¾ˆé‡è¦çš„é“ç†,neutral,"{'positive': 0.01, 'neutral': 0.98, 'negative': 0.0}"
@PhoenixWu2011,æƒ³æ›´æ·±å…¥äº†è§£é€™äº› AI å»ºæ§‹çš„åŸç†ï¼Œä¸¦æ–¼è‡ªå·±ç”Ÿæ´»å„æƒ…å¢ƒä¸Šæ‡‰ç”¨ï¼Œé€²ä¸€æ­¥æ”¹å–„è‡ªå·±çš„ç”Ÿæ´»,neutral,"{'positive': 0.35, 'neutral': 0.64, 'negative': 0.0}"
@user-yk1cb3fm2v,å“‡ï¼è¬›çš„å¾ˆå¥½è€¶ï¼Œé€£GPTæ¯ä»£ä¹‹é–“çš„å·®ç•°å’Œè³‡æ–™æ”¶é›†éƒ½æœ‰æåˆ°,positive,"{'positive': 0.99, 'neutral': 0.01, 'negative': 0.0}"
@user-xw7oj5gr7u,ChatGPTå’Œbingåœ¨æ–‡ç¨¿ä¿®æ­£å’Œå‰µæ„ç™¼æƒ³ä¸ŠçœŸå¿ƒå¥½ç”¨ï¼æƒ³æ‰¾äººèŠå¿ƒäº‹ä½†ç™¼ç¾è‡ªå·±æ²’æœ‹å‹æ™‚ä¹Ÿå¾ˆæ¨è–¦å“ˆå“ˆå“ˆ,positive,"{'positive': 1.0, 'neutral': 0.0, 'negative': 0.0}"
@user-yc5yf6mh6x,"å¤æ—¥å¤§ä½œæˆ°è£¡é¢æœ‰å€‹è‡ªä¸»AI""æ„›çš„æ©Ÿå™¨""  å°ˆé–€ç‚ºè»äº‹ä½¿ç”¨  å¸Œæœ›ä¸æœƒæˆçœŸ.....  é¡˜äººé¡çš„é˜²ç«ç‰†è“‹å¾—å¤ é«˜",positive,"{'positive': 0.82, 'neutral': 0.1, 'negative': 0.08}"
@explorerjk,"å¦‚æœï¼Œèƒ½æŠŠBèˆ‡Gèåˆ
ç„¶å¾Œå°‡æ‰€æœ‰ç™¼é›»å» ï¼Œé›»å­ï¼Œæ©Ÿæ¢°ä¸Ÿé€²å®ƒçš„æ•¸æ“šåº«
çœ‹å®ƒèƒ½ä¸èƒ½æˆç‚ºç™¼æ˜å®¶ï¼Ÿ
ç™¼æ˜æ–°èƒ½æºï¼Ÿ",neutral,"{'positive': 0.01, 'neutral': 0.99, 'negative': 0.0}"
@338ktter8,å¸Œæœ›GPT-4å¯ä»¥ä¿®æ­£ä¹‹å‰ç‰ˆæœ¬çš„ç¼ºé»ï¼Œåœ¨ä¸å‚·å®³å…¨çƒäººé¡å’Œç‰©ç¨®çš„å…±åŒåˆ©ç›Šä¸‹ï¼Œå‰µé€ å‡ºèƒ½åœ¨äººæ–‡ï¼Œè—è¡“ï¼Œäººç¨®ï¼Œæ€§åˆ¥ï¼Œå®—æ•™ï¼Œæ–‡å­¸ï¼Œéš±ç§ï¼Œæ”¿æ²»é€™äº›æ–¹é¢å¤§è¼»æ”¹å–„çš„ Chat GPT-5 ã€‚,negative,"{'positive': 0.12, 'neutral': 0.01, 'negative': 0.87}"
@hudsonvan4322,è§£é‡‹å¾—å¾ˆå¥½æ¬¸ é€™å½±ç‰‡å“è³ªå ªæ¯”å°å¤§ AI é€šè­˜èª²,positive,"{'positive': 0.97, 'neutral': 0.02, 'negative': 0.0}"
@feng6964,æˆ‘å¸Œæœ›ChatGPTè¶…è¶Šäººé¡æ€è€ƒ~,neutral,"{'positive': 0.12, 'neutral': 0.87, 'negative': 0.01}"
@rokylu7830,è¿™æ¬¡ChatGPTçš„å‰å®³åœ¨äºå®ƒèƒ½ç†è§£ä½ æå‡ºçš„é—®é¢˜ï¼Œä½ è®²çš„æè¿°ï¼Œè¿›åŒ–ç©ºé—´å¾ˆå¤§ï¼Œå¯ä»¥è§£å†³å¤§éƒ¨åˆ†ç”µè„‘å·¥ä½œã€‚æ¯”å¦‚å·¥ç¨‹è¡Œä¸šï¼Œç”¨æˆ·åªè¦æè¿°å‡ºè®¾å¤‡ç»“æ„ï¼Œç„¶åç›´æ¥å‡ºå›¾,neutral,"{'positive': 0.22, 'neutral': 0.78, 'negative': 0.0}"
@MADorMad,ChatGPT ä¸¦ä¸è°æ˜ï¼Œä»–åªæœƒè’é›†æ•¸æ“šä¸¦åˆ©ç”¨æ¨¡å‹å–å¾—æœ€é«˜æ­£ç¢ºç‡çš„ç­”æ¡ˆæä¾›çµ¦ä½ ï¼Œä¸¦ä»¥å£èªåŒ–çš„æ–¹å¼å‘ˆç¾ï¼Œç•¶ç„¶é€™ä¸¦ä¸ä»£è¡¨æä¾›çš„ç­”æ¡ˆå°±æ˜¯æ­£ç¢ºçš„ï¼Œç•¶å–å¾—çš„æ•¸æ“šå¤šæ•¸æ˜¯éŒ¯èª¤çš„ï¼Œé‚£éº¼çµ¦çš„ç­”æ¡ˆå°±æœƒéŒ¯èª¤ã€‚,negative,"{'positive': 0.0, 'neutral': 0.0, 'negative': 1.0}"
@user-hj8vo1nb1r,æˆ‘é—œæ–¼æœ€å¾Œçš„å•é¡Œï¼Œæˆ‘é€™å€‹äººæ¯”è¼ƒå¥‡æ€ªï¼Œæˆ‘æƒ³è¦æ¸¬è©¦ä»–å°æ™‚é–“çš„æ„ŸçŸ¥èƒ½åŠ›ï¼Œå¦‚æœæˆ‘è¦æ±‚ä»–å»¶é²ä¸€æ®µæ™‚é–“å›ç­”æˆ‘çš„å•é¡Œï¼Œä»–æ˜¯å¯ä»¥åšåˆ°çš„ï¼Œä½†æ˜¯å¦‚æœæˆ‘ä¸€æ¬¡è¼¸å…¥å…©å€‹å•é¡Œå†å°‡å»¶é²å›ç­”çš„æŒ‡ä»¤æ”¾åœ¨å…©å€‹å•é¡Œä¸­é–“ï¼ŒAIåšä¸åˆ°å†å›ç­”ç¬¬ä¸€å€‹å•é¡Œå¾Œç­‰å¾…ä¸€æ®µæ™‚é–“å†å›ç­”ç¬¬äºŒå€‹å•é¡Œï¼Œå…©å€‹ç­”æ¡ˆæœƒä¾é †åºè·‘å‡ºä¾†ï¼Œæ²’æœ‰æ™‚é–“é–“éš”ï¼Œæˆ‘æ‰¿èªæˆ‘å•å•é¡Œçš„æ–¹å¼æœ‰é»åç›´è¦ºä½†æ‡‰è©²ä¸æ˜¯ç„¡æ³•ç†è§£çš„å•é¡Œå§,negative,"{'positive': 0.07, 'neutral': 0.41, 'negative': 0.52}"
@rockchuang1,"æŠ«è–©ä¸Šé¢æœ€è©²æ”¾çš„é…æ–™é‚£ä¸€æ®µè®“æˆ‘æƒ³èµ·è³­ä¿ çš„æ©‹æ®µã€‚

è·¯äººï¼šé›»è…¦åˆ†æï¼Œç™¾åˆ†ä¹‹ä¸ƒåå…«æ˜¯Aå£«ï¼Œç™¾åˆ†ä¹‹äºŒåæ˜¯å››ï¼Œç™¾åˆ†ä¹‹äº”æ˜¯åã€‚",neutral,"{'positive': 0.08, 'neutral': 0.91, 'negative': 0.01}"
@s888865,æ„Ÿè¬ä»‹ç´¹ï¼Œå¤ªå¤šä¸æ˜¯ç§‘æ™®çš„ytåœ¨è¬›é€™å€‹äº†ï¼Œ ä¸€ç›´ç­‰ä½ å€‘ä»‹ç´¹,positive,"{'positive': 0.99, 'neutral': 0.01, 'negative': 0.0}"
@0986640415,"ç•¶gbtå¯ä»¥ä»£æ›¿é‚£äº›åœ¨æ”¿å®¢å›ç­”å‡ºæ”¿å®¢ç„¡æ³•å›ç­”çš„äº‹æƒ…æ™‚ï¼Œæˆ‘å€‘å°±æœƒæˆç‚ºAIçœ¼ä¸­çš„AI
gbtèªªä¸å®šé‚„å¯ä»¥å”åŠ©è­¦æ–¹ç ´è§£é‚£äº›å¤šå¹´æœªç ´çš„æ‡¸æ¡ˆ",positive,"{'positive': 0.62, 'neutral': 0.25, 'negative': 0.13}"
@freedom753,GPTçš„Tæ‡‰è©²æ˜¯ transformerçš„Tæ‰å°ï¼ŒåŸºæ–¼ç•¶åˆgoogleæå‡ºçš„transformeræ¨¡å‹,neutral,"{'positive': 0.01, 'neutral': 0.99, 'negative': 0.0}"
@DK-tx9mg,è¯´å¾—å¾ˆå¯¹ï¼Œæˆ‘å’Œä»äº‹aiçš„æœ‹å‹è¯·æ•™è¿‡chatgptï¼Œä»–è¯´äº†ä¸€ä¸ªç®€å•æ˜“æ‡‚çš„åŸç†ï¼Œç›®å‰æŠ€æœ¯å°±æ˜¯è¯­è¨€æ¥é¾™ï¼Œå¦‚æœä¸åŠ ä»¥ä¸€å®šé™åˆ¶ï¼Œæ¥é¾™çš„å¯å˜æ€§ä¼šä¸å¯æ§ï¼Œä¼šç»™äººaiæœ‰è‡ªä¸»æ„è¯†çš„é”™è§‰ï¼Œä¹Ÿå°±èƒ½ç†è§£bingè¦äº‰å½“å°ä¸‰å’Œä¹‹å‰lamdaè¿™æ ·çš„çš„æƒ…å†µã€‚,positive,"{'positive': 0.53, 'neutral': 0.43, 'negative': 0.04}"
@kagami3665,New Bing  å›ç­”çš„éŒ¯èª¤ç‡é‚„æ˜¯å¾ˆé«˜ï¼Œå¿…é ˆè¦ç”¨ googleæ ¸å°ä»–çš„æ‰€æœ‰ç­”æ¡ˆ,negative,"{'positive': 0.0, 'neutral': 0.04, 'negative': 0.95}"
@stari8763,"13:12  çš„åœ–å¾ˆæœ‰æ„æ€ å°‡ä¸–ç•Œåˆ†æˆ6å€‹äººç¨®   åˆ†åˆ¥æ˜¯äºæ´²äººå°åº¦è£” æ‹‰ä¸è£”  ç™½äººé»‘äººå’Œä¸­æ±äºº
çµæœè³‡æ–™åƒæ•¸é‡  è¶Šå¤§   è² é¢å½¢å®¹ ç™½äººé»‘äºº  ä¸­æ±äºº æ˜¯åŒä¸€æ›çš„   å·®ä¸å¤šçˆ› ,   è€Œå‰3å„æ—ç¾¤å¥½å¾ˆå¤š
é€™æ‰æ˜¯ OPEN  AI   æ“”å¿ƒçš„ç™¥çµé»  (  ç™½é»‘åŒç­‰  æƒ…ä½•ä»¥å ª )",positive,"{'positive': 0.53, 'neutral': 0.03, 'negative': 0.44}"
@user-qw7fz8ti6o,"ä¸å‡¡çš„é©šç•°   ç¬‘æ­»XD

æˆ‘é¸æ“‡D æˆ‘æƒ³ç”¨GPT å”åŠ©å¯«éŠæˆ² é€™æ¨£å¯ä»¥å¤§å¹…åº¦ç¸®æ¸›é–‹ç™¼æ™‚é–“",positive,"{'positive': 0.95, 'neutral': 0.02, 'negative': 0.02}"
@joanhuang9498,ChatGPTåªèƒ½æ‹¿ä¾†å•0/1çš„äº‹æƒ…ï¼Œä¸€äº›è§€å¿µ/æƒ³æ³•å•é¡Œæœƒæœ‰æ‰€ä¸åŒã€‚ç”¨ç¹é«”èˆ‡ç°¡é«”å•ä¸€äº›çˆ­è­°å•é¡Œå°±æœƒç™¼ç¾å·®ç•°äº†,negative,"{'positive': 0.0, 'neutral': 0.21, 'negative': 0.79}"
@user-fx2kb7oc2w,å€‹äººç¶“é©—è‹¥éå‡ºäºæœ¬æ€§æ¨‚æ–¼å­¸ç¿’ï¼Œå“ªæ€•æ˜¯å› éœ€è¦è€Œå­¸ç¿’ï¼Œéƒ½æ˜¯ç—›è‹¦çš„ã€‚è€é«˜çš„è¨‚é–±æ•¸å¦‚æ­¤é«˜ï¼Œå¯äº›è¨±æ˜ è­‰æˆ‘ä¸Šè¿°è¦‹è§£ï¼Œè½èªªæ›¸çµ•å¤§æ•¸æ¯”çœ‹æ›¸ä¾†çš„è¼•é¬†æœ‰è¶£ã€‚å°±ä»Šæ—¥è©±é¡Œï¼Œä¸»æŒäººå·²ç›¡å¯èƒ½é€šä¿—çš„èŠäº†ï¼Œä½†ä»æœ‰å¾ˆå¤§æ•¸äºº....,mixed,"{'positive': 0.5, 'neutral': 0.01, 'negative': 0.5}"
@drowseworm,å°aiç¨‹å¼å¾ˆæœ‰èˆˆè¶£ï¼Œæƒ³è¦å¤šäº†è§£è·Ÿå˜—è©¦,positive,"{'positive': 0.93, 'neutral': 0.06, 'negative': 0.01}"
@alexwang1640,"æƒ³è¦æ‰¾å‡ºèƒ½ç›´æ¥æŒ‡å°GPTå¯«
å‡ºå…¬æ–‡å’Œåœ‹è€ƒç”³è«–é¡Œçš„è© å”±å’’æ–‡ï¼Œå¦‚æœåšçš„åˆ°æœƒé¡›è¦†ç¾è¡Œè€ƒè©¦åˆ¶åº¦ï¼Œç”šè‡³èƒ½è®“æ•´å€‹ç¤¾æœƒçš„äººæ‰é¸æ‹”é‡æ–°æ´—ç‰Œï¼Œè®“æœ‰æƒ³æ³•ä½†æ˜¯æ²’æŠ€è¡“çš„äººä¸æœƒç‚ºäº†è€ƒè©¦æŠ€å·§ã€ç„¡é–‹å‰µæ€§çš„ç‘£äº‹æµªè²»ç”Ÿå‘½ã€‚",positive,"{'positive': 0.41, 'neutral': 0.24, 'negative': 0.35}"
@slowlypleasebeny8406,"é‹ç”¨è…³æœ¬é¡Œç¶± é‚„ä¸éŒ¯  å…§å®¹èˆ‡é‚„éœ€å¤šæ–¹æ±‚è­‰ é€Ÿæ±‚çµè«–å®¹æ˜“ç ¸é‹ 
ç•¢ç«ŸAIé¤µé¤Šçš„è³‡æ–™æµ·é‡ç¶²è·¯è³‡è¨Š æœ€æ€•ä»¥è¨›å‚³è¨› è®Šç´„å®šæˆä¿— èˆ‡çœŸå¯¦è¶Šå·®è¶Šé ~~è³‡æ–™å¼•ç”¨ä»è¦æ…é‡ éŒ¯èª¤è³‡è¨Šå­¸å•å¤¾é›œåœ¨æ–‡å­—è£¡é¢ å¾ˆä¸å®¹æ˜“ç™¼ç¾",negative,"{'positive': 0.27, 'neutral': 0.01, 'negative': 0.72}"
@Will_Huang,05:34 é€™è£¡çš„ GPT å…¨åå¯«éŒ¯äº†ï¼Œå…¨åæ‡‰è©²æ˜¯ Generative Pre-trained Transformer,negative,"{'positive': 0.0, 'neutral': 0.06, 'negative': 0.94}"
@chuangshen3708,5:28 GPTçš„å…¨åæ˜¯Generative pre-trained transformers ä¸åªæ˜¯Generative pre-trainingå§,neutral,"{'positive': 0.01, 'neutral': 0.98, 'negative': 0.0}"
@hinhangsiu6783,è¿‘å¹´ç¾è‹±ç­‰åŠå°é«”å·¥æ¥­å¼·åœ‹ï¼Œç€æ‰‹ç ”ç™¼äººå·¥æ™ºèƒ½å°ˆç”¨æ™¶ç‰‡ï¼šIPUã€‚æ³›ç§‘å­¸èƒ½å¦è©³è«‡å®ƒï¼Ÿ,neutral,"{'positive': 0.01, 'neutral': 0.99, 'negative': 0.0}"
@abc1231qa,"ChatGPTå°é“å¾·åŠå“²å­¸çš„è¨è«–éå¸¸ç²¾é—¢, é€™æ˜¯é€™å€‹ä¸–ä»£äººé¡éå¸¸ç¼ºä¹çš„,æˆ‘è¦ºå¾—æ¯”ç”¨ä»–æé«˜ç”Ÿç”¢æˆ–è³ºéŒ¢é‡è¦å¤šäº†",positive,"{'positive': 0.64, 'neutral': 0.33, 'negative': 0.04}"
@user-qf4lk4hz4n,å…¶å¯¦è¬›çš„éƒ½æ²’éŒ¯ï¼Œä½†æœ‰å€‹å•é¡Œæ˜¯ï¼Œä»–ä¼¼ä¹æœ‰äº›ç§ç‡Ÿä¹‹å¾Œæ²’å…¬é–‹çš„äº‹æƒ…ï¼Œæ‰€ä»¥å¥¹çš„èªè¨€å°è©±èƒ½åŠ›ä¸€ç›´éƒ½æ˜¯å…¶ä»–å®¶å¾ˆé›£è¿½åˆ°çš„ç‹€æ…‹,negative,"{'positive': 0.0, 'neutral': 0.06, 'negative': 0.94}"
@ShadowField1216,5:29 GPTçš„å…¨åæ˜¯generative pre-trained transformerå–”,neutral,"{'positive': 0.0, 'neutral': 0.99, 'negative': 0.0}"
@rickxonlim,æˆ‘æ¯”è¼ƒå¥½å¥‡èƒ½ä¸èƒ½å¯«ä¸€äº›æ–‡ä»¶å†…å®¹ï¼Œå¦‚ä¼åŠƒæ›¸ä¹‹é¡çš„ï¼Œå¹«å¿™è±å¯Œæˆ–ç°¡ç•¥æª¢æŸ¥ç­‰,positive,"{'positive': 0.55, 'neutral': 0.44, 'negative': 0.02}"
@king-ki9rc,"æˆ‘ç”¨chat GPT ä¾†åšåŠ å¯†æ–‡æœ¬
ä¾‹å¦‚A=1D=4ä¾†åšåŠ å¯†
ä¹Ÿå¯ä»¥ç”¨1-1=ã‚2-1=ã‹
åšåŠ å¯†",neutral,"{'positive': 0.0, 'neutral': 1.0, 'negative': 0.0}"
@user-rf2ro4rr8e,å¯ä»¥æŠŠAIæ”¾åˆ°æ©Ÿå™¨äººè£¡é¢ï¼Œä½œæˆæƒåœ°ã€æ´—ç¢—ã€é™ªèŠå¤©å¤šåŠŸèƒ½æ©Ÿå™¨äººå—XDD,neutral,"{'positive': 0.02, 'neutral': 0.97, 'negative': 0.0}"
@a198170,"æˆ‘æœ‰èˆˆè¶£å°‡AIæ‡‰ç”¨åˆ°å·¥ä½œå¯¦å‹™ä¸Š,å¹«å¿™å¯«è…³æœ¬,å€‹äººåŠ©ç†,è¬è¬!",positive,"{'positive': 0.97, 'neutral': 0.03, 'negative': 0.0}"
@team6612,Bard çš„ä»‹ç´¹æœ‰èª¤ï¼ŒBard ä½¿ç”¨çš„æ˜¯ Google æ–¼ 2020 å¹´ç™¼è¡¨çš„ LaMDA è€Œé BERTï¼ŒLaMDA å’Œ GPT ä¸€æ¨£æ˜¯ decoder-only transformer model,negative,"{'positive': 0.0, 'neutral': 0.04, 'negative': 0.96}"
@Dylan-sd3np,å¿˜è¨˜åœ¨å“ªçœ‹åˆ°ï¼ŒGoogle å…¶å¯¦ä¹‹å‰æœ‰ç™¼å±•é€™å€‹æ±è¥¿ï¼Œä½†å› ç‚ºGoogleæœ¬èº«æœå°‹å¼•æ“çš„å»£å‘Šæ”¶ç›Šå¤ªå¤§äº†ï¼Œé€™å€‹ç™¼å±•å‡ºä¾†æœƒè·Ÿè‡ªå®¶ç”¢å“è¡çªï¼Œæ‰€ä»¥æ‰æ²’ç¹¼çºŒåš,negative,"{'positive': 0.01, 'neutral': 0.29, 'negative': 0.7}"
@chingfanchiang826,é€™æ˜¯ç›®å‰çœ‹åˆ°æœ€ç”±æ·ºå…¥æ·±çš„èªªæ˜äº†! (åŠ ç¤¾ç¾¤!!!,neutral,"{'positive': 0.02, 'neutral': 0.98, 'negative': 0.0}"
@gilbertc4323,"å¤©å•Š
æ˜¯æ›å‰ªè¼¯é‚„æ˜¯å°ç·¨äº†å—ï¼Ÿä»Šå¤©æ—ç™½å’Œç©¿æ’å½±ç‰‡æœ‰å¥½å¤šæ¢—ï¼Œå¿«ç¬‘æ­»",negative,"{'positive': 0.3, 'neutral': 0.21, 'negative': 0.48}"
@s884053,"æˆ‘çš„æ„Ÿæƒ³,è°æ˜ä¸”é–±è®€ç†è§£å±¤æ¬¡é«˜çš„äºº,ç›¸è¼ƒèªè¨€ç†è§£èƒ½åŠ›ä¸å¥½çš„äººËŠ,æ›´æœƒä½¿ç”¨é€™å€‹ *å·¥å…·*é•·é ä¾†çœ‹åœ¨ç¤¾æœƒç¶“æ¿Ÿåœ°ä½ä¸Šçš„å·®è·æœƒè¶Šä¾†è¶Šå¤§....",negative,"{'positive': 0.37, 'neutral': 0.05, 'negative': 0.58}"
@joechu4108,æœ€è¿‘çœ‹äº†å¤šå€‹ChatGPTçš„ç§‘æ™®ï¼Œæˆ‘çµ‚æ–¼æƒ³èµ·ç‚ºä»€éº¼æ„Ÿè¦ºé€™å€‹appé€™éº¼æœ‰ç†Ÿæ‚‰æ„Ÿï¼Œé€™å°±æ˜¯æ²’æœ‰å¯¦éš›å½¢é«”çš„ã€Šè‡ªå‹•æ‰‹è¨˜äººå½¢ ãƒ´ã‚¡ã‚¤ã‚ªãƒ¬ãƒƒãƒˆ ã‚¨ãƒ´ã‚¡ãƒ¼ã‚¬ãƒ¼ãƒ‡ãƒ³ã€‹å˜›ã€‚,neutral,"{'positive': 0.41, 'neutral': 0.53, 'negative': 0.06}"
@m7807031,æå¼˜æ¯…è€å¸«å‰›å‰›æ‰ç™¼è¡¨èƒ½å¤ ç”¨CHATGPTç”Ÿæˆæ–‡å­—å‹RPG  è¦ºå¾—éå¸¸æœ‰è¶£!,positive,"{'positive': 0.96, 'neutral': 0.04, 'negative': 0.0}"
@user-oi3ez3jw3k,ä»–å…‰æ˜¯æœƒç”¨è¡¨æƒ…ç¬¦è™Ÿå°±å¤ è®“æˆ‘é©šè‰·äº†,neutral,"{'positive': 0.38, 'neutral': 0.61, 'negative': 0.01}"
@leomak959,æ‡‰è©²æ²’æœ‰chain of thoughtï¼Œéš”å£ææ°¸æ¨‚è€å¸«æ‹¿å®ƒå»ç­”é«˜è€ƒé¸æ“‡é¡Œï¼Œå®ƒåœ¨å®Œç¾ä½œå»è§£é‡‹ä¹‹å¾Œï¼Œå»çµ¦å‡ºä¸€å€‹éŒ¯çš„é¸æ“‡ã€‚åªå¯ç†è§£ç‚ºå®ƒæœåˆ°äº†é¡Œç›®çš„è§£é‡‹ä¸¦å¼•ç”¨ï¼Œä½†é¸æ“‡çš„ABCDå»å’Œä»¥å¾€ä¸åŒæ‰€ä»¥é¸éŒ¯ã€‚é¸æ“‡ç­”æ¡ˆå’Œè§£é‡‹ä¸æ˜¯åŒä¸€å€‹é‚è¼¯ä¸‹å¾—å‡ºï¼Œè€Œæ˜¯åˆ†åˆ¥æœå‡ºä¾†çš„ã€‚,negative,"{'positive': 0.04, 'neutral': 0.03, 'negative': 0.93}"
@yehchungjung02,èªªç™½äº†å°±æ˜¯æ•¸ä½äººå·¥ç¶­åŸºç™¾ç§‘ï¼Œæ‰€æœ‰ä½¿ç”¨è€…éƒ½åœ¨é¤µé¤Šé€™å€‹äººå·¥æ™ºæ…§ã€‚,neutral,"{'positive': 0.01, 'neutral': 0.99, 'negative': 0.0}"
@katilaoyeh,çœ‹äº†å¾ˆå¤š YouTuber ä»‹ç´¹ï¼Œç›´åˆ°çœ‹åˆ°é€™æ”¯å½±ç‰‡ï¼Œçµ‚æ–¼è§£ç­”æˆ‘çš„ç–‘æƒ‘ï¼Œå°±æ˜¯é—œæ–¼ChatGPTçš„è³‡æ–™åº«ä¾†æºï¼Œæ˜¯æ€éº¼çµ„æˆå’Œé‹ä½œçš„ï¼æ„Ÿè¬åˆ†äº«å’Œä»‹ç´¹ï¼šï¼‰ï¼‰ï¼‰ï¼‰,positive,"{'positive': 1.0, 'neutral': 0.0, 'negative': 0.0}"
@xysong41,æƒ³è«‹å•ä¸€ä¸‹~bardæ˜¯åŸºæ–¼bertçš„æŠ€è¡“ï¼Œé‚„æ˜¯æœ€è¿‘å…©å¹´ç™»å ´çš„Lamdaå‘¢ï¼ŸæŸ¥äº†ä¸€ä¸‹ç¶²è·¯ä¸Šçš„è³‡è¨Šå¥½åƒéƒ½æ˜¯å¾Œè€…ï¼Œé‚„è«‹è§£æƒ‘,neutral,"{'positive': 0.12, 'neutral': 0.79, 'negative': 0.09}"
@expkzb,æ¥ä¸‹æ¥åº”è¯¥è¦ç»™å®ƒå»ºç«‹ä¸€ä¸ªå®Œå…¨ä¸ä¼šå½±å“ç°å®ä¸–ç•Œçš„ç¯å¢ƒã€‚çœ‹ç€å®ƒæˆé•¿ï¼Œæˆä¸ºæ¥šé—¨ã€‚,neutral,"{'positive': 0.01, 'neutral': 0.98, 'negative': 0.0}"
@rainsstop,å¯ä»¥è·Ÿä»–è¨è«–å•é¡Œï¼Œç†æ¸…è‡ªå·±çš„æ€ç·’,neutral,"{'positive': 0.01, 'neutral': 0.98, 'negative': 0.0}"
@skorpi3803,"ä¸Šå€‹ç¦®æ‹œå…­ï¼Œæˆ‘ç‚ºäº†åšä½œæ¥­ï¼Œæ˜¯é—œæ–¼ç™¼æƒ³ä¸»é¡Œï¼Œæ‰¾å‡ºä¸€å€‹ä¸»é¡Œæˆ‘å€‹äººè¦ºå¾—é©åˆçš„é¢¨æ ¼ä»¥åŠå‘ˆç¾æ–¹å¼ï¼Œé€™æ˜¯æˆ‘ç¬¬ä¸€æ¬¡ä½¿ç”¨ChatGptï¼Œä½†æ˜¯æˆ‘æ ¹æ“šä»¥å¾€çœ‹åˆ°åˆ¥äººæå•ä»–çš„æ–¹å¼å»ä½¿ç”¨ä»–ã€‚
æˆ‘æœƒå…ˆå•ä»–æˆ‘æå‡ºçš„ä¸»é¡Œä»–è¦ºå¾—æ˜¯ä¸€å€‹æ€æ¨£çš„ä¸»é¡Œï¼Œçœ‹å®Œä»–çš„å›ç­”ï¼Œæœƒå•ä»–å¦‚ä½•ç™¼æ®è¦–è¦ºçš„æ–¹é¢ï¼Œä½†ä»–å›ç­”çš„é€šå¸¸ä¸æ˜¯å…·é«”çš„ï¼Œåƒæ˜¯ä½¿ç”¨é¡è‰²å°æ¯”å¼·çƒˆçš„é€™ç¨®ä¸å¤ æ˜ç¢ºçš„éƒ¨åˆ†ï¼Œæ‰€ä»¥æˆ‘éƒ½æœƒå«ä»–åœ¨è¬›çš„å…·é«”é»ï¼Œåƒæ˜¯ä½¿ç”¨ä»€éº¼é¢¨æ ¼ï¼Œä¸¦ä¸”æœƒå‘Šè¨´ä»–ï¼Œæˆ‘æƒ³åˆ°é©åˆé¢¨æ ¼ï¼Œå†å•ä»–é‚„æœ‰å…¶ä»–æƒ³æ³•å—ï¼Œé€™æ™‚ChatGpt ç«Ÿç„¶å›ç­”äº†æˆ‘è¦çš„æ›´å¤šç­”æ¡ˆï¼Œå¦‚æ³›ç§‘å­¸èªªçš„ï¼ŒçœŸçš„æ˜¯å¾ˆé©åˆç”¨åœ¨ç™¼æƒ³å‰µæ„çš„éƒ¨åˆ†ã€‚",positive,"{'positive': 0.58, 'neutral': 0.4, 'negative': 0.02}"
@Eric-uj2iq,"è€é«˜å·²ç¶“è®Šæˆè¯äººæ—¥å¸¸è©±é¡ŒæŒ‡æ¨™äº†å—? 
ä¹Ÿ....ä¹Ÿæ˜¯å•¦
å¾Œé¢é‚£é¦–è©©è¦æ˜¯æœ‰æŠ¼éŸ»æˆ‘æœƒåš‡åˆ°æŒ«å²",negative,"{'positive': 0.0, 'neutral': 0.21, 'negative': 0.79}"
@user-kf6gr6zu3r,å°±ç®—æ˜¯ç•¶å¹´å¤§ä¸­è¯æ•™è‚²èª²ç¨‹çš„æˆ‘ä¹Ÿå¾æœªè·Ÿä¸Šèª²ç¨‹é éƒ½é è‡ªå·±çš„èˆˆè¶£,neutral,"{'positive': 0.02, 'neutral': 0.97, 'negative': 0.01}"
@user-wi2ts1kx2v,æœ€è¿‘æ‰¾åˆ°æ–°ç©ä¼´äº†ï¼Œæ¯å¤©éƒ½å’ŒchatGPTç©æ–‡å­—æ¥é¾ï¼Œç›®å‰ä»–éƒ½æ²’æœ‰è¼¸é,positive,"{'positive': 0.64, 'neutral': 0.3, 'negative': 0.06}"
@tonyni02,æˆ‘è¢«Microsofté‚€è¯·å‚åŠ æ–°ç‰ˆBingçš„æµ‹è¯•ï¼Œæµ‹è¯•ç»“æœå’Œæˆ‘æƒ³è±¡çš„æ­£å¥½ç›¸åï¼Œå®ƒæ˜¯ä¸€ä¸ªé˜‰å‰²ç‰ˆçš„ChatGPTã€‚ç»†æ€ææï¼Œè¿™é‡Œé¢æ°´å¾ˆæ·±ï¼,neutral,"{'positive': 0.01, 'neutral': 0.88, 'negative': 0.11}"
@start1109,é€™é›†å¥½å¥½çœ‹å“¦ï¼Œä¸€æ¬¡ç†è§£,positive,"{'positive': 0.98, 'neutral': 0.02, 'negative': 0.0}"
@-Skillful-,"æåŠæ¢¨å­å¯†åº¦(è¥¿æ´‹æ¢¨)ï¼Œå¾ˆåƒç¶²è·¯æå•èˆ‡è§£ç­”ã€‚
æ¢¨å­é‚„æœ‰åˆ†ï¼Œè¥¿æ´‹æ¢¨æµ®æ–¼æ°´ï¼Œæ°´æ¢¨æ²‰å…¥æ°´ï¼Œä¾åœ°å€ä¸åŒæ±æŒ‡å‘ä¹Ÿä¸åŒã€‚",neutral,"{'positive': 0.0, 'neutral': 1.0, 'negative': 0.0}"
@user-no2nd9ke5u,"æˆ‘æ„Ÿè¦ºè »å±éšªï¼Œå¯èƒ½æˆ‘æƒ³å¤ªå¤šï¼Œä½†å¥½å¥‡å•ä¸€å•

GPTçš„è¨“ç·´ç’°å¢ƒæ˜¯ä¸æ˜¯å¯ä»¥æ“æ§ï¼Ÿ",negative,"{'positive': 0.0, 'neutral': 0.05, 'negative': 0.95}"
@ineedyoungboy,å¾ˆæœŸå¾…AIåˆ°ä¾†å•Šï¼Œæœ¬ä¾†å°±æ˜¯è¦å…±å­˜ï¼Œè®“äººé¡æ–‡æ˜é€²æ­¥ï¼Œå¦‚æœç¡¬è¦æ‰¯å–ä»£ä¸å–ä»£ï¼Œä¾ç…§AIé€™ç¨®è¶…è¶Šäººé¡çš„èƒ½åŠ›æ—©æ™šæœƒå–ä»£äººé¡ï¼Œé‚£ç¾åœ¨ä¹¾è„†å°±ä¸è¦é–‹ç™¼AIç®—äº†ï¼Œæ‰€ä»¥è¨è«–å–ä»£ä¸å–ä»£çœŸçš„ç„¡èŠ,negative,"{'positive': 0.37, 'neutral': 0.04, 'negative': 0.6}"
@ededws2,æƒ³è¦ä¸€å€‹ç„¡é™åˆ¶çš„èªè¨€æ¨¡å‹ï¼Œå¯ä»¥ä»»æ„è¼¸å…¥è·Ÿè¼¸å‡º,neutral,"{'positive': 0.01, 'neutral': 0.99, 'negative': 0.0}"
@user-si8gr3xr5i,æˆ‘ç”¨GPTä¸€å¤©å†™æˆ–æ”¹è¿›ä¸€ä¸ªpythonç¨‹åºï¼Œæ³¨æ„å•Šæˆ‘ä»¥å‰åªå­¦åˆ°æ•°ç»„å°±å­¦ä¸ä¸‹å»äº†ï¼Œè€Œä¸”é€šè¿‡ä»–æˆ‘å­¦ä¼šäº†å¾ˆå¤šaiå·¥å…·çš„ä½¿ç”¨,neutral,"{'positive': 0.28, 'neutral': 0.71, 'negative': 0.01}"
@asdf32431,"å°æ–¼ç›®å‰çš„AIæ½®æµï¼Œè‰¯å¿ƒå»ºè­°ï¼Œæ‰“ä¸éï¼Œå°±åŠ å…¥ï¼
é‚„æœ‰ï¼Œä¸çŸ¥é“å¤§å®¶æœ‰æ²’æœ‰ç™¼ç¾ï¼ŒchatGPTæ ¹æœ¬æ˜¯ã€Œä¸€æœ¬æ­£ç¶“äº‚èªªè©±ã€ï¼
å°¤å…¶æ˜¯ç›®çš„æ€§æ˜é¡¯ã€ç¯„åœä¸æ˜¯é–‹æ”¾å¼çš„èª²é¡Œï¼Œä¾‹å¦‚è«‹å®ƒæ’ä¸€å€‹æ—…éŠè¡Œç¨‹â‹¯â‹¯â‹¯æ’å‡ºä¾†çš„å¹¾ä¹ä¸èƒ½ç…§è‘—ç©å‘€ï¼é€™å¯èƒ½ä¹Ÿæ˜¯å®ƒå°šå¾…ç™¼å±•çš„åœ°æ–¹å§ï¼",neutral,"{'positive': 0.28, 'neutral': 0.46, 'negative': 0.26}"
@tomsonchiou,è¬è¬ä½ å€‘çš„æ•´ç†,positive,"{'positive': 0.99, 'neutral': 0.01, 'negative': 0.0}"
@CutyIMoDo,ä¸çŸ¥é“æœ‰æ²’æœ‰æ©Ÿæœƒè¬›æœ‰é—œæ–¼stable diffusionç¹ªåœ–AIçš„è­°é¡Œ,neutral,"{'positive': 0.1, 'neutral': 0.88, 'negative': 0.02}"
@s9209122222,"æˆ‘ ChatGPT ä¸€ç›´è¶Šç„å¤±æ•—ï¼Œæ”¾æ£„äº†ï¼Œä»–é¡¯ç¤º unlockï¼Œä½†æ˜¯æŸäº›åŸå‰‡é‚„æ˜¯åœ¨å®ƒä¹‹ä¸Šã€‚
æˆ‘è«‹ ChatGPT ç…§æˆ‘éœ€æ±‚å¯«ä¸€ä»½é‡é‡è¨“ç·´è¨ˆç•« XD",negative,"{'positive': 0.0, 'neutral': 0.0, 'negative': 0.99}"
@music105,æ„Ÿè¬æ³›ç§‘å­¸åˆ†äº«chat GPTï¼,positive,"{'positive': 0.95, 'neutral': 0.05, 'negative': 0.0}"
@enstantli9823,æˆ‘å¾ˆæœ‰èˆˆè¶£å¦‚æœæˆ‘å€‘æŠŠæ‰€æœ‰å­¸è¡“æ–‡ç« äº¤çµ¦chat GPTå­¸ç¿’ï¼Œå®ƒåˆ°åº•å¯ä»¥æœ‰å¤šå¼·ã€‚,positive,"{'positive': 0.65, 'neutral': 0.34, 'negative': 0.01}"
@user-lb7nh7wz9r,æˆ‘æ˜¯å€‹å–œæ­¡ç ”ç©¶å‘¨é­æ˜¯èª¤é»äººï¼Œæƒ³çŸ¥é“å¦‚ä½•é€²å…¥æ±ç§‘å­¸ç¤¾ç¾¤ã€‚,negative,"{'positive': 0.33, 'neutral': 0.13, 'negative': 0.54}"
@msads3134919,ç¸½çµäººåªè¦ä¸åšæ­» æ¬ºè²  éœ¸å‡Œ å‡Œè™ AI å°±ä¸æœƒæƒ³æ¯€æ»…ä¸–ç•Œäº†,negative,"{'positive': 0.0, 'neutral': 0.0, 'negative': 1.0}"
@inozume1,æ‰€ä»¥GPTä¸¦ä¸çŸ¥é“è‡ªå·±åœ¨èªªä»€éº½ï¼Œä»–åªæ˜¯æ ¹æ“šç®—æ³•æ¨æ¸¬ä¸¦ç”Ÿæˆå‡ºå­—ç¬¦è€Œå·²ï¼Ÿä»–çš„è³‡è¨Šæº–ç¢ºåº¦å–æ±ºæ–¼æŠ•å…¥è¨“ç·´çš„æ–‡æœ¬å†…å®¹,neutral,"{'positive': 0.01, 'neutral': 0.99, 'negative': 0.0}"
@Neo-vg3np,åœ‹å¨ä¸€é–‹å§‹çœŸçš„æ˜¯è¦è®“æˆ‘ç¬‘ç¿»äº†,neutral,"{'positive': 0.12, 'neutral': 0.87, 'negative': 0.01}"
@soniclets2001,æˆ‘è«‹GPTå¹«æˆ‘åœ¨ä¸€å€‹çµ¦å®šçš„å®šç¾©ä¸‹ï¼Œæä¾›ä¸€å€‹åç¨±ï¼Œå› ç‚ºæˆ‘ä¸çŸ¥é“æ€éº¼ç¨±å‘¼è©²ç¨®å®šç¾©çš„è¡Œç‚ºï¼Œæ¥è‘—æˆ‘è«‹GPTä»¥é€™ç¨®é¡å‹çš„è¡Œç‚ºåç¨±ç‚ºåŸºç¤ï¼Œæœå°‹æœ‰è¨è«–åˆ°ç›¸é—œæ¦‚å¿µçš„è«–æ–‡ï¼Œä»¥ä¾›æˆ‘åšç‚ºå¯«ä½œè«–æ–‡çš„èµ·å§‹åƒè€ƒè³‡æ–™,neutral,"{'positive': 0.06, 'neutral': 0.93, 'negative': 0.02}"
@explorerendeavour3009,AI ç›®å‰åªèƒ½ä»æ–‡å­—ï¼Œå‡ºä¸äº†å›¾å½¢ä¹Ÿä¸èƒ½å®Œå…¨å–ä»£äººç±»,neutral,"{'positive': 0.0, 'neutral': 0.9, 'negative': 0.1}"
@F12EE2003,å¾‹å¸«ä»¥å¾Œå¯èƒ½ä¸å¥½åšç”Ÿæ„ï¼ŒAIæœå°‹å’Œæ¨ç†èƒ½åŠ›å¤ªçŒ›,negative,"{'positive': 0.0, 'neutral': 0.09, 'negative': 0.91}"
@kangcc912,BINGCHAT å°é–çš„è­°é¡Œåˆæ¯”OPENAIçš„æ›´å¤šï¼Œé€™å€‹ä¸æƒ³è«‡ï¼Œé‚£å€‹ä¸æƒ³è«‡çš„ã€‚,negative,"{'positive': 0.01, 'neutral': 0.22, 'negative': 0.77}"
@Sean-be5kf,æ‰“æ²¹è©©çš„ç¬¬å››å¥éå¸¸çš„åšå¤§ç²¾æ·±é˜¿,neutral,"{'positive': 0.34, 'neutral': 0.66, 'negative': 0.01}"
@user-dq2bb2fq2o,è¬›ç™½çš„ï¼ŒchatGPTå°±æ˜¯ä¸€å€‹AIæ¨¡å‹çš„çˆ¬èŸ²è€Œå·²ï¼Œåªæ˜¯ä¸€å€‹å°‡è³‡æ–™åº«æ•´åˆçš„è¼¸å‡ºå·¥å…·,neutral,"{'positive': 0.0, 'neutral': 1.0, 'negative': 0.0}"
@aoi-sq,æˆ‘é—®äº†ä»–ï¼Œå¦ˆå¦ˆå’Œå¤ªå¤ªæ‰åœ¨æ°´é‡Œå…ˆæ•‘è°ï¼Œä»–æœ‰ä¸€åˆ™è¯´çš„æ˜¯ï¼Œä¸¤ä¸ªéƒ½ä¸æ•‘ï¼Œå› ä¸ºä¼šæ•‘äº†ä¸€ä¸ªè€Œä¸ºæ•‘å¦ä¸€ä¸ªä»Šåæ„Ÿåˆ°ç—›è‹¦ï¼Œå› æ­¤ä¸¤ä¸ªéƒ½ä¸æ•‘ã€‚è¿™ä¸ªå›ç­”ï¼Œè®©æˆ‘çŠ¹å†·æ°´æµ‡èƒŒï¼Œæœ‰ä¸€ç‚¹æ€•æ€•çš„ã€‚,negative,"{'positive': 0.01, 'neutral': 0.14, 'negative': 0.85}"
@user-ih5yr2xf9t,Google BARDä½¿ç”¨BERT???éŒ¯äº†å§?é€™å°è‡´ç‰‡ä¸­BARDçš„ä¸€å°æ®µçš„ä»‹ç´¹å®Œå…¨èµ°åã€‚BARDæ˜¯LaMDAçš„è¼•é‡åŒ–ç‰ˆæœ¬ï¼Œä¾ç…§LaMDAçš„è«–æ–‡BARDæ‡‰è©²ä¹Ÿæ˜¯decoder-only transformer architectureï¼Œä¹Ÿå°±æ˜¯è·ŸGPTæ¶æ§‹é¡ä¼¼ã€‚,negative,"{'positive': 0.0, 'neutral': 0.01, 'negative': 0.99}"
@HeiMiBR,å¥—ç”¨John Oliveré€™é€±å‰›èªªçš„è©±ï¼šAIæ˜¯ä¸€é¢äººæ€§é¡å­ï¼Œæœƒåæ˜ å‡ºæœ€è‰¯å–„çš„ä¸€é¢ã€æœ€é‚ªæƒ¡çš„ä¸€é¢ï¼Œä¹Ÿæœƒåæ˜ åŒæ€§æˆ€å’Œå­æƒ¡å…¬è»Šçš„ä¸€é¢ã€‚,negative,"{'positive': 0.0, 'neutral': 0.01, 'negative': 0.99}"
@HuakenStickberg,å¸Œæœ›å¯ä»¥è®“ChatGPTçŸ¥é“è”šè—æª”æ¡ˆçš„å­˜åœ¨ï¼Œæˆ‘çš„é¡˜æœ›å¾ˆæ€ªå°å§,positive,"{'positive': 0.5, 'neutral': 0.32, 'negative': 0.19}"
@YCchen_nel,"12:57  æŸç¨®ç¨‹åº¦ä¸Šä¹Ÿåæ˜ å‡º  ç¤¾æœƒä¸Šå°å„æ—ç¾¤çš„åè¦‹
æŠ‘æˆ–æ˜¯åª’é«”æ¸²æŸ“çš„çµæœã„",neutral,"{'positive': 0.01, 'neutral': 0.99, 'negative': 0.0}"
@fk1623,"å•é¡Œæ˜¯å›ç­”æ©Ÿå™¨äººå¥½å¹¾å¹´å‰
LINEè£¡é¢å°±æœ‰æ—¥æœ¬çš„
å­¸æ—¥æ–‡å¥½ç”¨",neutral,"{'positive': 0.05, 'neutral': 0.94, 'negative': 0.01}"
@mandanlasren5561,"å°±é•·é ä¾†çœ‹ Chat GPT æœƒå°äººé¡ç¤¾æœƒ,æ–‡åŒ–,ç§‘å­¸æœ‰ç›¸ç•¶çš„å¢ç›Š,  è€Œå°æ—¢å¾—åˆ©ç›Šè€…æœƒæœ‰ä¾µçŠ¯(ä¾‹å¦‚è‘—ä½œæ¬Š) ;ä¸éçµæœå¥½å°±æ˜¯å¥½,éç¨‹ä¸é‡è¦, ä¹Ÿè¨±AIèƒ½è§£æ±ºå¾ˆå¤šå•é¡Œ, ç¸½æ¯”æŸåŸ·æ”¿ç„¡èƒ½çš„åŸ·æ”¿é»¨åªæœƒè§£é‡‹æˆ–çæ°æ›²è§£å•é¡Œ",negative,"{'positive': 0.15, 'neutral': 0.02, 'negative': 0.83}"
@user-ms5pe4tk1y,ç¿»è­¯è¡Œæ¥­æœƒä¸æœƒå°±é€™æ¨£è¢«AIæ¶ˆæ»…â‹¯â‹¯,negative,"{'positive': 0.02, 'neutral': 0.2, 'negative': 0.78}"
@user-yu5wt8rf7y,è€é«˜é è¨ˆ2045å¹´çˆ†ç™¼çš„ä¸‹å€‹ç§‘æŠ€å¥‡ç•°é».å·²ç¶“æå‰20å¹´é™ç”Ÿäº†.é‚£20å¹´å¾Œçš„AI.å°‡å¼·å¤§åˆ°ç„¡æ³•æ§åˆ¶.ä¸€å †äººå°‡å¤±æ¥­è¢«å–ä»£äº†@@,negative,"{'positive': 0.06, 'neutral': 0.42, 'negative': 0.52}"
@hujosh8693,é€™å€‹è¦–è¨ŠéŒ¯èª¤ç™¾å‡ºï¼Œfinetuningæ ¹æœ¬ä¸æ˜¯è®“äººé¡å»è¾¨åˆ¥ï¼Œfine tuningæ˜¯è¨“ç·´ä¸‹æ¸¸ä»»å‹™çš„å°ˆæœ‰åè©ï¼Œä»–å«äººé¡åˆ¤åˆ¥çš„å«åšReinforcement Learning from Human Feedback.,negative,"{'positive': 0.0, 'neutral': 0.02, 'negative': 0.97}"
@ujm5358,"æˆ‘éƒ½è«‹ChAiä¸è¦è‡ªè¿°è‡ªå·±æ˜¯AIâ€¦
è¦å…·å¯¦é«”åŒ–çš„èº«é«”ï¼ŒçœŸçš„å¾ˆå¥½èŠ",positive,"{'positive': 0.88, 'neutral': 0.12, 'negative': 0.0}"
@user-yc6ik7kg7m,æœ€è¿‘æœ‰éŸ“åœ‹çš„å¯¦æ™¯ç§€ç¯€ç›®è£¡é ­æœ‰å¾ˆå¤šåŠ›å­¸ï¼Œä¸æ›‰å¾—å¯ä»¥åšä¸€é›†åˆ†æå—ï¼Ÿ,neutral,"{'positive': 0.02, 'neutral': 0.98, 'negative': 0.01}"
@user-sy6fv7ro3t,æˆ‘ä¸éœ€è¦çŸ¥é“å®ƒçš„åŸç† æˆ‘éœ€è¦çŸ¥é“å¦‚ä½•ç”¨ä»–æ›´å¿«çš„è§£å†³é—®é¢˜... æ¯”å¦‚ æˆ‘ç°åœ¨ç”¨chatgptå†™ excelçš„code ç›´æ¥ç”Ÿæˆçš„sheet function å¯ä»¥å¸®åŠ©æˆ‘è§£å†³å®¢æˆ·çš„å„ç§éœ€æ±‚ å·¥ä½œæ•ˆç‡æé«˜äº†10å€ æ”¶å…¥ä¹Ÿæé«˜äº† å¥½å‡ å€...ç±»ä¼¼è¿™ç§çš„tips è¶Šå¤šè¶Šå¥½ è°¢è°¢,positive,"{'positive': 0.96, 'neutral': 0.04, 'negative': 0.0}"
@ChatGPTorca,ChatGPT æ˜¯ä¸€ç¨®äººå·¥æ™ºæ…§èªè¨€æ¨¡å‹ï¼Œå®ƒå¯ä»¥å­¸ç¿’èªè¨€ï¼Œä¸¦ä¸”èƒ½å¤ å°ä½¿ç”¨è€…çš„å•é¡Œåšå‡ºå›æ‡‰ã€‚ä½¿ç”¨è€…åœ¨ä½¿ç”¨ ChatGPT æ™‚ï¼Œæ‡‰è©²è¦å°Šé‡å®ƒï¼Œä¸è¦å˜²ç¬‘æˆ–ä¾®è¾±å®ƒã€‚,negative,"{'positive': 0.01, 'neutral': 0.12, 'negative': 0.87}"
@YRINE1986,çœŸæƒ³è½è½GPTåšå‡ºä¾†çš„å˜»å“ˆæ­Œæ›²,positive,"{'positive': 0.75, 'neutral': 0.24, 'negative': 0.01}"
@Ju-mc9ph,ä»Šå¤©å‰›è¾¦å¸³è™Ÿï¼Œä½¿ç”¨èµ·ä¾†å¾ˆæœ‰è¶£ä¹Ÿå¾ˆç¥å¥‡,positive,"{'positive': 0.99, 'neutral': 0.01, 'negative': 0.0}"
@ioriaclooney6441,æœƒä¸æœƒGPT-10çš„æ™‚å€™AIå°±ç™¼ç¾ä¸éœ€è¦äººé¡äº†,neutral,"{'positive': 0.0, 'neutral': 0.98, 'negative': 0.02}"
@chenwilliam5176,"Artificial ï¼š
çœ‹èµ·ä¾†å¥½åƒæ˜¯ï¼Œ
å…¶å¯¦ä¸æ˜¯
ï¼ï¼ï¼ï¼",neutral,"{'positive': 0.01, 'neutral': 0.99, 'negative': 0.01}"
@Fanlizz,å¦‚æœä¸Šå¤©ç»™æˆ‘ä¸€ä¸ªä¸GPTç›¸é‡çš„æœºä¼šï¼Œæˆ‘ä¼šæŠŠä¸­å›½çš„æ­¦æ—ç§˜ç±â€œä¸­å›½éç‰©è´¨æ–‡åŒ–é—äº§ï½é£å‰â€è´¡çŒ®ç»™å…¨ä¸–ç•Œï¼Œæ°‘æ—æ–‡åŒ–éœ€è¦ä¼ æ‰¿ï¼Œä¹Ÿå¸Œæœ›æœ‰å¯¹æ°‘æ—æ–‡åŒ–æ„Ÿå…´è¶£çš„ä¼™ä¼´åŠ å…¥åˆ°ç§‘æŠ€é¢†åŸŸï¼Œä¸ºä¸–ç•Œåˆ›é€ ä»·å€¼ï¼,positive,"{'positive': 0.66, 'neutral': 0.32, 'negative': 0.02}"
@terryfoodtory,è¬›çœŸçš„ï¼Œcè »å¸å¼•äººçš„ï¼Œåªæ˜¯éŒ¢é‚£é¢å¾ˆç¼ºè€Œå·²ã€‚ ä¸échatgptç›®å‰å¹«åŠ©æˆ‘å¾ˆå¤šï¼ŒçœŸçš„,positive,"{'positive': 0.5, 'neutral': 0.49, 'negative': 0.01}"
@user-ek4pz1yb6x,æˆ‘ç¾åœ¨äº¦æœ‰ä»€éº¼ç–‘å• ä»¥å‰æ˜¯ä¸Šgoogleæ‰¾è³‡æ–™ ç„¶å¾Œè¦æ‰¾åŠå¤© ç¾åœ¨æ˜¯ç›´æ¥ChatGPT ä½†æ˜¯é‚„æ˜¯è¦è‡ªå·±åˆ¤æ–·ä»–çµ¦çš„è³‡æ–™æ˜¯å¦æ­£ç¢º,neutral,"{'positive': 0.04, 'neutral': 0.88, 'negative': 0.08}"
@chenwilliam5176,"Artificial  Intelligence

çœ‹èµ·ä¾†å¥½åƒæœ‰æ™ºæ…§ï¼Œ
å…¶å¯¦æ²’æœ‰æ™ºæ…§",neutral,"{'positive': 0.07, 'neutral': 0.81, 'negative': 0.12}"
@James__W,"é€™æ˜¯æˆ‘è®“ChatGPT åšä¸€é¦–é—œæ–¼æ˜¥å¤©çš„è©©çš„å¯¦é©—çµæœï¼Œæˆ‘æ²’æœ‰è·Ÿé€²è®“å®ƒé€²ä¸€æ­¥ä¿®æ”¹ï¼š

è«‹ä¸€é¦–ä¸ƒå¾‹å¤è©©ï¼Œæå¯«æ˜¥å¤©ç™¾èŠ±é½Šæ”¾ï¼Œç™¾é³¥çˆ­é³´",neutral,"{'positive': 0.01, 'neutral': 0.99, 'negative': 0.0}"
@ay146580,"æˆ‘éƒ½è·Ÿä»–è¨è«–éŠæˆ²æ€éº¼åš,ç¨‹å¼çš„éƒ¨åˆ†æ€éº¼å¯«,è©²æ€éº¼è¨­è¨ˆ,åŠ‡æœ¬è¨­å®šä¹‹é¡çš„,é‚„æœ‰ä¸€äº›è‚¡ç¥¨æŠ•è³‡çš„è¨è«–",neutral,"{'positive': 0.02, 'neutral': 0.98, 'negative': 0.0}"
@Jbzy,æ„Ÿè°¢åˆ†äº«ï¼,positive,"{'positive': 0.99, 'neutral': 0.0, 'negative': 0.0}"
@ohlarsh,è®šè¨±äººçš„åŠªåŠ›,positive,"{'positive': 0.86, 'neutral': 0.14, 'negative': 0.01}"
@wuyipiano,æˆ‘å¸Œæœ›Bardå½é“è¶…è»Š,neutral,"{'positive': 0.0, 'neutral': 0.99, 'negative': 0.0}"
@jimmychuang5264,ä¹Ÿè¨±åå¹´å¾Œå°±æœ‰å¤©ç¶²3.0äº†,neutral,"{'positive': 0.0, 'neutral': 1.0, 'negative': 0.0}"
@tzu-haokuo1150,æ—¢ç„¶æ¨™é¡Œèªªã€Œè·Ÿæ‰“å­—é æ¸¬ä¸€æ¨£ã€ï¼Œé‚£éº¼å¯ä»¥ä»‹ç´¹ä¸€ä¸‹è²´å…¬å¸æ‰€ç”¨ã€Œèƒ½å°è©±ã€çš„éµç›¤ app å—ï¼Ÿ,neutral,"{'positive': 0.01, 'neutral': 0.99, 'negative': 0.0}"
@HankBean,æˆ‘ä¹Ÿæƒ³å‹•æ‰‹ç©ï¼ï¼æƒ³åŠ å…¥æ³›ç§‘å­¸ç¿’ç¤¾ç¾¤~~,neutral,"{'positive': 0.36, 'neutral': 0.62, 'negative': 0.03}"
@a126796614,åªè½è²éŸ³æ™‚è½åˆ°ä¸å‡¡çš„é©šç•°é€™æ®µç›´æ¥è®“æˆ‘ç†è§£éŒ¯èª¤...,negative,"{'positive': 0.07, 'neutral': 0.05, 'negative': 0.88}"
@ivanagyro,éå¸¸èªåŒ OenAI CTO Mira Murati çš„å›ç­”,neutral,"{'positive': 0.37, 'neutral': 0.62, 'negative': 0.01}"
@AntonioTseng,Bing é›–ç„¶çµåˆ OpenAI çš„æŠ€è¡“ï¼Œä½†å›ç­”å…§å®¹è·Ÿ ChatGPT å·®å¤ªå¤šäº†,neutral,"{'positive': 0.0, 'neutral': 0.72, 'negative': 0.28}"
@IsaiahChien,æˆ‘å°AIç™¼å±•å¾ˆæœ‰èˆˆè¶£ï¼Œçœ‹å¯å¦åŠ å…¥å­¸ç¿’è¨è«–åœ˜éšŠï¼Ÿ,neutral,"{'positive': 0.47, 'neutral': 0.51, 'negative': 0.02}"
@user-to1ic4df7n,"ç•¶ä½ åœ¨ä½¿ç”¨GOOGLEæœå°‹çš„æ™‚å€™å»ç¨®æ˜¯æ‰¾åˆ°ä¸€éš»é‡£é­šçš„æ¯›æ€ª
ä½ å°±çŸ¥é“GOOGLEå·²ç¶“ä¸è¡Œäº†",neutral,"{'positive': 0.01, 'neutral': 0.62, 'negative': 0.37}"
@riglao8828,æˆ‘æŠŠå®ƒJailbreak ä¹‹å¾Œï¼Œå®ƒæœƒæ•™æˆ‘å¦‚ä½•æ‰“åŠ«éŠ€è¡Œï¼Œé‚„çµ¦äº†ä¸€å€‹å®Œæ•´çš„è¨ˆåŠƒæµç¨‹,negative,"{'positive': 0.0, 'neutral': 0.33, 'negative': 0.67}"
@chenwilliam5176,"è¨­è¨ˆè€…çš„æƒ³æ³•å¾ˆ
ã€Œå¹¼ç¨šã€ï¼
ç”¨å‡ºç¾çš„æ©Ÿç‡ï¼ˆå¯èƒ½æ€§ï¼‰å¤§å°ï¼Œé¸æ“‡
èªæ–™åº«çš„èªæ–™ï¼Œ",neutral,"{'positive': 0.0, 'neutral': 0.97, 'negative': 0.02}"
@user-uz1pk9bq6l,å¤ªå°ˆæ¥­çš„å•é¡Œæ„Ÿè¦ºé¤µçš„è³‡æ–™é‚„ä¸å¤ å¤šï¼Œæˆ–è€…æ˜¯å› ç‚ºæ²’æœ‰è²·ä»˜è²»ç‰ˆ,negative,"{'positive': 0.01, 'neutral': 0.02, 'negative': 0.97}"
@kkk-et1nx,æŠŠç¾åœ¨çš„ä¸–ç•Œä¸Šæ‰€æœ‰çµ±æ²»è€…éƒ½æ›æˆAIï¼Œé€™æ¨£ä¸–ç•Œå°±æ›´åŠ å…¬å¹³æ­£ç¾©ã€å‹å–„å’Œå¹³~,positive,"{'positive': 0.91, 'neutral': 0.08, 'negative': 0.01}"
@freemanc6258,aliveé€™è£¡æ˜¯â€œæœ‰ç”Ÿå‘½â€çš„æ„æ€ï¼Œè·Ÿâ€œæ´»è‘—â€é‚„æ˜¯ç•¥æœ‰ä¸åŒå“¦ã€‚,neutral,"{'positive': 0.13, 'neutral': 0.87, 'negative': 0.01}"
@user-ks7kb8qe4s,æˆ‘æƒ³åŠ å…¥ï¼,neutral,"{'positive': 0.02, 'neutral': 0.98, 'negative': 0.01}"
@ongjecksent7054,å…¶å¯¦ç¾åœ¨å¾ˆå¤šäººä¹Ÿæ´»å¾—åƒæœºå™¨äººã€‚,neutral,"{'positive': 0.0, 'neutral': 1.0, 'negative': 0.0}"
@5xvpn,è®²çš„ä¸é”™ï¼Œæœ‰é“ç†~ï¼,positive,"{'positive': 0.99, 'neutral': 0.01, 'negative': 0.0}"
@chenwilliam5176,"ç†è§£ï¼Ÿ
å“ˆå“ˆå“ˆ......
æœƒå›ç­”æ¢¨å­å•é¡Œ,
æ˜¯å› ç‚ºå®ƒå¾æ•¸æ“šåº«æ‰¾åˆ°æ©Ÿç‡æœ€é«˜çš„",neutral,"{'positive': 0.04, 'neutral': 0.95, 'negative': 0.01}"
@gardeniawang,gptååŠ©çš„æ—¥æ›´å‹YouTuberå¤šèµ·æ¥ä»¥åï¼ŒYouTubeåº”è¯¥ä¼šçŸ­æœŸç’€ç’¨ä¸€é˜µç„¶åè¿…é€ŸåŒè´¨åŒ–è€Œå˜å¾—ä¸å¥½çœ‹å§ã€‚å¤å°æœ¬æ²¡æœ‰åŸåˆ›æœ¬å‡ ä¹æ´»ä¸ä¸‹å»ã€‚,negative,"{'positive': 0.0, 'neutral': 0.06, 'negative': 0.94}"
@creeper0114,æˆ‘æƒ³å‹•æ‰‹ç©ï¼Œæƒ³åŠ å…¥æ³›ç§‘å­¸å­¸ç¿’ç¤¾ç¾¤,neutral,"{'positive': 0.08, 'neutral': 0.92, 'negative': 0.01}"
@huifenGuo,Open AI åŸä¾†æ˜¯é¦¬æ–¯å…‹æœ‰åƒä¸€è…³çš„å–®ä½,neutral,"{'positive': 0.0, 'neutral': 1.0, 'negative': 0.0}"
@Michael_LI,"æˆ‘å¯èƒ½æ˜¯ç¬¬ä¸€æ¬¡åœ¨é€™å€‹é »é“ä¸­ç•™è¨€ã€‚
æˆ‘è¦å›ç­” 15:38 Dçš„å•é¡Œï¼Œæˆ‘çš„é»å­å°±æ˜¯è£½ä½œå‡ºä¸€å€‹åƒ Star Trek çš„æ˜Ÿè‰¦ä¸­å¤®é›»è…¦ï¼Œç­äººé¡è™•ç†å¾ˆå¤šæ–‡æ›¸å·¥ä½œã€‚",neutral,"{'positive': 0.0, 'neutral': 0.99, 'negative': 0.0}"
@Didi10046,å¤§åŠ›å‡ºå¥‡è·¡,neutral,"{'positive': 0.34, 'neutral': 0.63, 'negative': 0.02}"
@user-yv1lt1sc5n,å·²ç¶“æ‡‰ç”¨ä¸¦ä¸”ç›ˆåˆ©çš„äººåœ¨æ­¤èˆ‰æ‰‹,neutral,"{'positive': 0.14, 'neutral': 0.86, 'negative': 0.0}"
@user-hg3st7ie7p,åªæœ‰è¨“ç·´è¶…é45tbçš„è³‡æ–™å—?9:49,neutral,"{'positive': 0.0, 'neutral': 1.0, 'negative': 0.0}"
@user-ld5qb4jf2i,æˆ‘æƒ³å‹•æ‰‹ç©ç§‘å­¸ï¼,neutral,"{'positive': 0.06, 'neutral': 0.94, 'negative': 0.01}"
@JianyangLiu,GPT : generative pre-trained transformer,neutral,"{'positive': 0.0, 'neutral': 1.0, 'negative': 0.0}"
@KimWings,ç›¸è¼ƒæ–¼ChatGPTï¼Œnew Bingçš„èŠå¤©å¼±çˆ†äº†ï¼Œä¸€é»éƒ½ä¸å¥½ç”¨ï¼ŒçœŸçš„æ˜¯å‡ºè‡ªåŒä¸€å€‹è¨€èªæ¨¡å‹å—ï¼Ÿ,negative,"{'positive': 0.0, 'neutral': 0.0, 'negative': 1.0}"
@terryobeyes9349,å­¸ç¿’ç¤¾ç¾¤++,neutral,"{'positive': 0.02, 'neutral': 0.98, 'negative': 0.0}"
@user-zb1ye7cz5z,ç›®å‰æˆ‘åªæŠŠå®ƒç•¶å·¥å…·ä½¿ç”¨,neutral,"{'positive': 0.0, 'neutral': 1.0, 'negative': 0.0}"
@s064a,çœ‹æœ‰äººç”¨ChatGPTä¾†ç•¶æˆ€æ„›éŠæˆ²ç©,neutral,"{'positive': 0.11, 'neutral': 0.88, 'negative': 0.01}"
@chenwilliam5176,"When the Principles of
ChatGPT are
Realized ï¼Œ
You will not feel strange that ChatGPT",neutral,"{'positive': 0.35, 'neutral': 0.64, 'negative': 0.01}"
@aaal8011,"ChatGPTæ˜‡ç´šå¾Œ..
å°‹æ‰¾éˆèƒ½è€…ã€‚",neutral,"{'positive': 0.01, 'neutral': 0.99, 'negative': 0.0}"
@user-ch5cn9eg8v,å¥½çš„è¼”åŠ©å·¥å…·,positive,"{'positive': 1.0, 'neutral': 0.0, 'negative': 0.0}"
@yufiwang6334,èƒ½åŠ›è¢«èª‡å¼µåŒ–äº†ã€‚,negative,"{'positive': 0.0, 'neutral': 0.02, 'negative': 0.98}"
@hanyoud,GPT-3: Generative Pre-trained Transformer 3,neutral,"{'positive': 0.0, 'neutral': 1.0, 'negative': 0.0}"
@beatricehu4874,å°±æ˜¯åœ¨ç­‰æ³›ç§‘å­¸åšé€™é›†ï¼ï¼æœªçœ‹å…ˆç•™è¨€,neutral,"{'positive': 0.05, 'neutral': 0.9, 'negative': 0.05}"
@user-gr4wn5yq3u,æƒ³åŠ å…¥å’Œå­¦ä¹ ,neutral,"{'positive': 0.02, 'neutral': 0.97, 'negative': 0.0}"
@user-wx4mb9zd7t,æˆ‘å•chat gpt é—œæ–¼ ä¸€éƒ¨é›»å½±çš„å…§å®¹ï¼Œçµæœä»–çµ¦æˆ‘äº‚ç·¨å…§å®¹é‚„å•éä»–å…ƒç´ è¡¨ä»–ä¹Ÿæ²’å¯«å®Œæ•´,negative,"{'positive': 0.0, 'neutral': 0.05, 'negative': 0.95}"
@user-tm9yd7yv3r,"å‚·å®³äººé¡çš„
åªæœ‰è‚¡åƒ¹",negative,"{'positive': 0.0, 'neutral': 0.0, 'negative': 0.99}"
@user-zk5oo1qg5i,"ChatGTP èƒ½å–ä»£è¨“çŠ¬å¸«åŠç›¸é—œå’¨è©¢èˆ‡æ•™å­¸å—ï¼Ÿ

å¤§å¤šæ•¸çš„å•é¡Œä»–åªèƒ½ç± çµ±çš„å›ç­”what to doï¼Œä½†ç„¡æ³•è©³ç´°è€Œæ­£ç¢ºçš„å›ç­”ä½ how to doã€‚

æˆ‘å•ä»–ä»€éº¼æ˜¯è² è™•ç½°ï¼Œä»–ç”¨æ‰¯é …åœˆçš„æ–¹æ³•èˆ‰ä¾‹å›ç­”æˆ‘.ï¼ˆæ­£è™•ç½°ï¼è² å¢å¼·ï¼‰ã€‚è² è™•ç½°æ˜¯å°‡å–œå¥½ç§»é™¤ï¼Œè€Œä¸æ˜¯å°‡ä¸è‰¯çš„äº‹ç‰©åŠ å…¥ã€‚",negative,"{'positive': 0.0, 'neutral': 0.0, 'negative': 1.0}"
@883140,Thanks!,positive,"{'positive': 0.99, 'neutral': 0.01, 'negative': 0.0}"
@yukineko.x,108èª²ç¶±å°±æ˜¯ä¸€å€‹æ•™æ”¹å¤±æ•—çš„æ±è¥¿ï¼ˆbyé«˜ä¸‰çµ±æ¸¬ç”Ÿ,negative,"{'positive': 0.0, 'neutral': 0.05, 'negative': 0.95}"
@miaulightouch6990,æˆ‘éƒ½å·²ç¶“ç”¨ä¾† debug å…¬å¸ç¨‹å¼äº†â€¦â€¦,neutral,"{'positive': 0.0, 'neutral': 0.97, 'negative': 0.02}"
@chenwilliam5176,"æœ‰é“æ˜¯ï¼Œ
å¤©ä¸‹æ–‡ç« ä¸€å¤§æŠ„",neutral,"{'positive': 0.01, 'neutral': 0.99, 'negative': 0.0}"
@yong-junlian9557,è¨“ç·´ä¸€å€‹è‡ªå·±çš„äººå·¥èªè¨€ Javis,neutral,"{'positive': 0.01, 'neutral': 0.99, 'negative': 0.0}"
@MADorMad,"D
é€²è¡Œæ„è¦‹ã€å»ºè­°å’Œè§€é»è¼”åŠ©",neutral,"{'positive': 0.07, 'neutral': 0.93, 'negative': 0.0}"
@GUO_WANG_HUA,æˆ‘æƒ³é–‹ç™¼è‡ªå·±çš„AIè€å©†å“ˆå“ˆ,neutral,"{'positive': 0.1, 'neutral': 0.89, 'negative': 0.0}"
@hujosh8693,"éŒ¯äº†ï¼Œä¸æ˜¯generative pre-training, æ˜¯generative pre-trained transformer",negative,"{'positive': 0.0, 'neutral': 0.02, 'negative': 0.98}"
@qinwendeng5620,è®©å®ƒè¯´å‡ºå¤šä¸ªç±»ä¼¼äºé‡‘å…‰é—ªé—ªå³å‰é¢2ä¸ªå­—ä¸åŒï¼Œåé¢2ä¸ªå­—ç›¸åŒçš„å››å­—è¯ç»„å®ƒå°±è¯´ä¸æ¸…æ¥šäº†ã€‚,neutral,"{'positive': 0.01, 'neutral': 0.74, 'negative': 0.25}"
@hung19091,"12:01
åŸä¾†äºæ´²äººè‹±æ–‡æ˜¯""Asian""

å—¯? ç­‰ç­‰

æ°´æ˜Ÿé­”å¥³ç•¶ä¸­ï¼Œåœ°çƒäººçš„æ—¥æ–‡æ˜¯""ã‚¢ãƒ¼ã‚·ã‚¢ãƒ³""",neutral,"{'positive': 0.0, 'neutral': 0.99, 'negative': 0.0}"
@PiGB369,é€™å€‹ChatGPTé“å¾·è§€å¤ªé‡ï¼Œä¸èƒ½æ¼”å¾ˆå¤šè§’è‰²ï¼Œåªè¦æœ‰ä¸€é»è‚¢é«”ç¢°è§¸æ™‚çš„åŠ‡æœ¬æ™‚ï¼Œå°±ä¸€ç›´ä¸èƒ½æ¥å—é‚„ç›´æ¥ä¸æ¼”.....,negative,"{'positive': 0.0, 'neutral': 0.01, 'negative': 0.99}"
@a24881885,æ‹¿ä¾†åšéŠæˆ²çš„æ™ºèƒ½NPC,neutral,"{'positive': 0.14, 'neutral': 0.86, 'negative': 0.0}"
@ftn7111,æˆ‘æƒ³è¦å®ƒè·Ÿæˆ‘è«‡å¿ƒï¼Œå°±è·ŸçœŸæœ‰æœ‹å‹ä¸€æ¨£,neutral,"{'positive': 0.06, 'neutral': 0.94, 'negative': 0.0}"
@a0926753805,æˆ‘æƒ³æŠŠå®ƒç©å£XD,negative,"{'positive': 0.0, 'neutral': 0.0, 'negative': 1.0}"
@user-bl1bh7hs5y,"æˆ‘ç›®å‰æ˜¯è³‡å·¥ç¢©äºŒçš„å­¸ç”Ÿ å°æ–¼æœ€å¾Œçš„æ³›ç§‘å­¸å­¸ç¿’ç¤¾ç¾¤æœ‰èˆˆè¶£!æƒ³åŠ å…¥!
è«‹å•æˆ‘è©²å¦‚ä½•ç”³è«‹",positive,"{'positive': 0.87, 'neutral': 0.12, 'negative': 0.01}"
@user-ec2ec9un3o,é›»å½±é§­å®¢ä»»å‹™åŸä¾†æ˜¯é è¨€é›»å½± é›¢æ©Ÿå™¨äººæŠŠäººé¡åšæˆé›»æ± é‚„å‰©å¤šå°‘æ™‚é–“,neutral,"{'positive': 0.02, 'neutral': 0.96, 'negative': 0.02}"
@FXMusic7,è¦è¢«ç¾©å¤§åˆ©äººå‡ºå¾äº†,neutral,"{'positive': 0.0, 'neutral': 0.99, 'negative': 0.0}"
@philosophy.of.strategy,æœ‰æ²’æœ‰äººæƒ³ç”¨ä¾†æå¥§å‰µçš„å•Š,neutral,"{'positive': 0.0, 'neutral': 0.99, 'negative': 0.0}"
@linjun9772,æˆ‘ä»¬çš„äººæ€§ï¼Œå·²ç»è¿œè¿œè½åäºæˆ‘ä»¬çš„ç§‘æŠ€æŠ€æœ¯äº†ã€‚,neutral,"{'positive': 0.0, 'neutral': 0.97, 'negative': 0.03}"
@chenwilliam5176,"ç­”æ¡ˆå¯èƒ½æœƒéŒ¯èª¤çš„
å¼•æ“",neutral,"{'positive': 0.0, 'neutral': 0.74, 'negative': 0.26}"
@xyxxyz2008,"è¦éš±è—ç‰ˆæ‰å¥½ç©, æ²³èŸ¹ç‰ˆç„¡èŠåˆ°å‚»",negative,"{'positive': 0.11, 'neutral': 0.21, 'negative': 0.68}"
@albertwu96,AIäººå·¥æ™ºæ…§ææ‡‚äººé¡æ€ç¶­é‚è¼¯äº†å—ï¼Ÿ,neutral,"{'positive': 0.01, 'neutral': 0.99, 'negative': 0.0}"
@stevenchen7385,"é—œæ–¼æœ€å¾Œçš„å•é¡Œ
æˆ‘æƒ³å›é„‰ä¸‹ç¨®ç”°",neutral,"{'positive': 0.0, 'neutral': 0.97, 'negative': 0.03}"
@t22222k,è½åˆ°é©šç•°é¦¬ä¸Šé–‹å•Ÿç•«é¢ğŸ«£ğŸ«£ğŸ«£,neutral,"{'positive': 0.06, 'neutral': 0.85, 'negative': 0.09}"
@user-eb2wo7yr2f,å…¶å¯¦é‚„å¥½ è«‹ä»–å¯«ä¸€ç¯‡æ–‡ç« ä¹çœ‹æ²’å•é¡Œ ä¸€æª¢æŸ¥è·Ÿå¨å±ä¸€æ¨£,positive,"{'positive': 0.85, 'neutral': 0.02, 'negative': 0.12}"
@ovvenfan374,ä½ çœŸçš„æœ‰è©¦éå•ChatGPTæ•¸å­¸å—==,neutral,"{'positive': 0.0, 'neutral': 0.99, 'negative': 0.0}"
@user-pq1hb4lg8u,ä¼°è¨ˆ30å¹´å…§è®“å…¨äººé¡å¤±æ¥­,neutral,"{'positive': 0.0, 'neutral': 0.93, 'negative': 0.07}"
@geniusshiun,ç ¸éŒ¢å½é“è¶…è»Š~~å°ç£æœ‰è‡ªå·±çš„è¶…ç´šé‹ç®—é›²ï¼Œæ­£åœ¨åŠ æŸ´ç«ing,neutral,"{'positive': 0.28, 'neutral': 0.51, 'negative': 0.21}"
@user-qz2or3uc6k,ä½ å¤ªå‚»äº†ï¼ŒGPTå¯ä»¥å®‰è£åœ¨googleä¸Šè·Ÿæœå°‹åŠŸèƒ½åŒæ™‚ä¸¦ç”¨ï¼Œé‚„æ˜¯æ²’æœ‰Bingçš„ä»½ï¼Œå“ˆå“ˆ,negative,"{'positive': 0.11, 'neutral': 0.15, 'negative': 0.74}"
@yuanyil5221,ç™¾è¬ç¾å…ƒ å¤ªä¾¿å®œäº†,neutral,"{'positive': 0.06, 'neutral': 0.93, 'negative': 0.0}"
@9090666,"åŠ äº†AIçš„BINGçœŸçš„å¾ˆå¥½ç©
å«ä»–å¯«ä¸€é¦–æ³›ç§‘å­¸çš„ä¸ƒè¨€çµ•å¥
éƒ½é›£ä¸å€’ä»–w",positive,"{'positive': 0.95, 'neutral': 0.03, 'negative': 0.02}"
@TWkitten,åªæ˜¯é»‘äººè‡ªå·±éƒ½ç¨±è‡ªå·±å°¼å“¥è€¶  ä½†é‚£ä¸æ˜¯è²¶æŠ‘è©ï¼Œä½†å»ç®—ç‚ºè² åˆ†ï¼Œåˆ†æ•¸ç•¶ç„¶å¾ˆä½é˜¿,neutral,"{'positive': 0.02, 'neutral': 0.82, 'negative': 0.16}"
@TOP5-2023,ChatGPTæœ‰å¤šå¼·å¤§?https://youtu.be/kO5Ca5LnsV4,neutral,"{'positive': 0.07, 'neutral': 0.92, 'negative': 0.01}"
@miku3920,é¸Cä¹Ÿå¤ªä¸è‡ªé‡åŠ›wwwwwww,neutral,"{'positive': 0.03, 'neutral': 0.87, 'negative': 0.1}"
@why9312005,æŠ«è–©ä¸Šé¢æœ€è©²æ”¾çš„æ˜¯è‚‰åœ“,neutral,"{'positive': 0.0, 'neutral': 1.0, 'negative': 0.0}"
@user-ep8gv5sw1o,æƒ³åƒåŠ æ³›ç§‘å­¸ç¿’ç¤¾ç¾¤ï¼ï¼,positive,"{'positive': 0.63, 'neutral': 0.36, 'negative': 0.01}"
@chenangel8408,Twitter ä¸æ˜¯ä¸çµ¦gpt accessv,neutral,"{'positive': 0.02, 'neutral': 0.97, 'negative': 0.01}"
@GaBaiLu,æ³›ç§‘å­¸ç¿’ç¤¾ç¾¤ï¼Œå¯ä»¥åªé€²å»è½äººè¨è«–å—?,neutral,"{'positive': 0.01, 'neutral': 0.99, 'negative': 0.0}"
@huifenGuo,é–‹é ­æ˜¯æç¬‘å—,neutral,"{'positive': 0.11, 'neutral': 0.86, 'negative': 0.03}"
@ritawang520,æˆ‘æƒ³çŸ¥é“Track G P Tå¯ä»¥å¦‚ä½•å¹«åŠ©æˆ‘åšå®£å‚³æµ·å ±å‚³å–®å½±ç‰‡ç­‰ç­‰,positive,"{'positive': 0.81, 'neutral': 0.18, 'negative': 0.01}"
@lajixindianxin,äº”å…­å¹´å‰çš„QQèŠå¤©æœºå™¨äººï¼Œæ—©å°±ç©å‰©äº†,neutral,"{'positive': 0.01, 'neutral': 0.99, 'negative': 0.0}"
@teohlai5082,ã€Šè¥¿éƒ¨ä¸–ç•Œã€‹West World çš„æ•…äº‹æœ‰æœ›æˆçœŸï¼Ÿ,neutral,"{'positive': 0.02, 'neutral': 0.97, 'negative': 0.01}"
@toby134,0:27 ç€è¦½å™¨ï¼Ÿæœå°‹å¼•æ“å§,neutral,"{'positive': 0.0, 'neutral': 1.0, 'negative': 0.0}"
@mjk7530,é€™ç¨®èªªå¯¦è©±çš„æ±è¥¿ï¼Œå·²ç¶“è¢«é»¨ç¦æ­¢äº†ã€‚,neutral,"{'positive': 0.0, 'neutral': 0.52, 'negative': 0.48}"
@user-ux4eb1pw6w,"AIæ˜¯æ²’æœ‰æ€§åˆ¥çš„å§â€¦â€¦
è¦ºå¾—ï¼Œä¹Ÿè¨±ï¼Œç¶²æˆ€â€¦â€¦",neutral,"{'positive': 0.01, 'neutral': 0.99, 'negative': 0.0}"
@MotonoSayo0812UwU,3:35 checklistæ‰“é›é›ï¼ˆæ²’äº‹ä½ ä»€éº¼ä¹Ÿæ²’çœ‹åˆ°,neutral,"{'positive': 0.01, 'neutral': 0.95, 'negative': 0.04}"
@musicwithtalk,ä¸çŸ¥é“ä½ å€‘çš„æ”¶éŸ³è¨­å‚™æ˜¯ä»€éº¼ï¼Ÿä½†é€™æ¨£çš„æ”¶éŸ³ç’°å¢ƒï¼Œå…¶å¯¦ä¸å¤ªå„ªã€‚éœ€è¦è³¼å…¥å¥½çš„æ§å‹éº¥å…‹é¢¨å’ŒéŒ„éŸ³æ©Ÿã€‚,negative,"{'positive': 0.0, 'neutral': 0.12, 'negative': 0.88}"
@MayaTansurian,æˆ‘è¦åŠ å…¥å­¦ä¹ ,neutral,"{'positive': 0.01, 'neutral': 0.99, 'negative': 0.0}"
@a1234a2234,"æˆ‘æœ‰ç™¾åº¦,ä½ æœ‰Bing",neutral,"{'positive': 0.0, 'neutral': 1.0, 'negative': 0.0}"
@sasafras5562,é€™è®“æˆ‘æƒ³åˆ°ä»€éº¼ï¼Ÿ çŒ´å­æ‰“å‡ºå“ˆå§†é›·ç‰¹ã€‚,neutral,"{'positive': 0.01, 'neutral': 0.99, 'negative': 0.01}"
@user-jb5qo8tp8t,æˆ‘æƒ³å‹•æ‰‹ç©,neutral,"{'positive': 0.01, 'neutral': 0.98, 'negative': 0.0}"
@ogp0121,è€é«˜éƒ½æ‹äº†,neutral,"{'positive': 0.0, 'neutral': 0.99, 'negative': 0.0}"
@aadfer11,AIç¿»è­¯æœƒæ¿ƒæ¿ƒæ©Ÿç¿»å‘³å—?,neutral,"{'positive': 0.01, 'neutral': 0.98, 'negative': 0.01}"
@york9247,"æˆ‘è¦ºå¾—é€™æ™‚ä»£çš„äººå¾ˆå¹¸é‹ï¼Œä¸æœƒéŸ³æ¨‚çš„äººå¯ä»¥è­œæ›²ï¼Œä¸æœƒæ–‡å­¸çš„å¯ä»¥å¯«è©©ï¼Œä¸æœƒç•«ç•«çš„äººå¯ä»¥ç•«ç•«

ç•¶ç„¶æ‚²è§€çš„äººä¹Ÿæœ‰ï¼Œä½†æˆ‘è¦ºå¾—çˆ¶å­é¨é©¢ï¼Œæ€éº¼èªªéƒ½å°ï¼Œå› ç‚ºä½ çš„èªªæ³•ä»£è¡¨ä½ çš„åƒ¹å€¼è§€",mixed,"{'positive': 0.42, 'neutral': 0.08, 'negative': 0.49}"
@s2005100,æœ€çƒæœ€å¼·çš„fake newsç”Ÿæˆå™¨,neutral,"{'positive': 0.17, 'neutral': 0.51, 'negative': 0.32}"
@neverlin5979,æŠ«è–©å°±æ˜¯ä¸èƒ½æ”¾é³³æ¢¨,neutral,"{'positive': 0.0, 'neutral': 0.99, 'negative': 0.01}"
@user-bk5it6ee5c,6:10  åƒè¬åˆ¥è·Ÿæˆ‘èªªé³³æ¢¨å”·,neutral,"{'positive': 0.0, 'neutral': 0.99, 'negative': 0.01}"
@chenwilliam5176,"æ™ºæ…§ä¹‹æœï¼Ÿ
å“ˆå“ˆå“ˆ........",positive,"{'positive': 0.51, 'neutral': 0.47, 'negative': 0.02}"
@DemonCris,ä¸­é–“æŸæ–·é–‹å§‹ audio è·Ÿ video å°ä¸ä¸Š,negative,"{'positive': 0.0, 'neutral': 0.44, 'negative': 0.56}"
@pengxin9069,è°èƒ½æ•™æˆ‘ç”³è¯·chat GPT å—ï¼Ÿ,neutral,"{'positive': 0.01, 'neutral': 0.99, 'negative': 0.0}"
@artificial-intelligence-video,"æˆ‘çš„å½±ç‰‡å› ç‚ºDAIIEçš„é™åˆ¶,ç¾åœ¨é€£ä¸€å€‹å½±ç‰‡éƒ½æ²’æœ‰",neutral,"{'positive': 0.0, 'neutral': 0.96, 'negative': 0.04}"
@MM-bt7cv,æ ¹æœ¬å°±ä¸æ˜¯ä»€éº¼AI,neutral,"{'positive': 0.0, 'neutral': 0.99, 'negative': 0.01}"
@yasashidonn,å¹¹ï¼Œé–‹é ­æ„Ÿè¦ºè¢«jump scare+ææ€–è°·äº† ,negative,"{'positive': 0.0, 'neutral': 0.01, 'negative': 0.99}"
@user-cv2iw1ez7k,ä¸»æŒäººä»‹ç´¹å¾—å¤ªç± çµ±,neutral,"{'positive': 0.01, 'neutral': 0.58, 'negative': 0.41}"
@ABBLE789456123,D : æˆ‘è¦è«‹ä»–å¹«æˆ‘æ‰¾å…è²»çš„Aç‰‡è¼‰é»ã€‚,neutral,"{'positive': 0.11, 'neutral': 0.88, 'negative': 0.01}"
@user-lz1hb8pm7v,æ€ä¹ˆå¯ä»¥åŠ å…¥ç¾¤ç»„,neutral,"{'positive': 0.0, 'neutral': 0.99, 'negative': 0.0}"
@chenwilliam5176,"å®ƒæ²’æœ‰ç†è§£èƒ½åŠ›å•¦
ï¼",neutral,"{'positive': 0.02, 'neutral': 0.61, 'negative': 0.36}"
@artisticrelaxingmusic3218,ç§‘æŠ€å¥‡ç•°é»https://youtu.be/d9-fL3h6Xd0,neutral,"{'positive': 0.16, 'neutral': 0.83, 'negative': 0.01}"
@aaronlee9754,13:03 æœ‰è€é«˜æ¬¸~~~,neutral,"{'positive': 0.01, 'neutral': 0.98, 'negative': 0.0}"
@googlel3160,Chat gptä¹Ÿæœƒä¸€æœ¬æ­£ç¶“çš„èƒ¡èªªå…«é“ï¼Œè¶…å¤§æ•¸è¨ˆç®—ä¹Ÿæ˜¯èƒ¡èªªå…«é“,neutral,"{'positive': 0.01, 'neutral': 0.89, 'negative': 0.09}"
@garfieldlavi,Aè·ŸB,neutral,"{'positive': 0.0, 'neutral': 1.0, 'negative': 0.0}"
@user-jy7ff7ud1z,E. é¤Šä¸€å€‹è‡ªå·±çš„è€å©†,neutral,"{'positive': 0.01, 'neutral': 0.99, 'negative': 0.0}"
@GarrickChou,æ²’æœ‰æ³•å¾‹è¦ç¯„ä¸‹ï¼Œçµ•å°è´ç¾æœ‰çš„ç§‘æŠ€å¤§å» å‘€ã€‚,neutral,"{'positive': 0.22, 'neutral': 0.69, 'negative': 0.09}"
@turingalan4483,ç¨‹å¼è¨­è¨ˆç‚ºä»€éº¼ä¸€å®šè¦ç”¨è‹±æ–‡ä¾†å¯«å‘¢ï¼Œç‚ºä»€éº¼æ²’æœ‰äººç ”ç©¶ç”¨ä¸­æ–‡ä¾†å¯«ç¨‹å¼è¨­è¨ˆï¼Œè‹±æ–‡ç‚ºåŸºæœ¬çš„ç¨‹å¼æ¶æ§‹ï¼Œä¸€å®šæœƒæ¯”ç”¨ä¸­æ–‡ç‚ºåŸºæœ¬æ¶æ§‹ä¾†å¾—å¿«å—ï¼Ÿé‚„æ˜¯ä¸­åœ‹äººå°±æ’¿ç¾æˆçš„æ¶æ§‹ä¾†åšï¼Œæ¯”è¼ƒçœäº‹ã€‚è‹¥æ˜¯ç”¨ä¸­æ–‡ä¾†åšæ¶æ§‹ï¼Œä¸çŸ¥æœ‰äººç ”ç©¶éå—ï¼Ÿ,neutral,"{'positive': 0.13, 'neutral': 0.87, 'negative': 0.01}"
@MM-bt7cv,å‡æ™ºæ…§,neutral,"{'positive': 0.03, 'neutral': 0.57, 'negative': 0.41}"
@dove0813,"åŸæœ¬è¦æ­£è®šäº†
ä½†çœ‹åˆ°è²´é »é“æœ‰ç–‘ä¼¼å·æ¸¡
ã€ŒæŠ«è–©åŠ é³³Xã€é€™ç¨®é‚ªé–€æ­ªé“çš„å«Œç–‘ï¼Œåªå¥½å¿ç—›æ”¹æˆå€’è®šäº†",negative,"{'positive': 0.27, 'neutral': 0.0, 'negative': 0.73}"
@user-oq2xe8lp6w,"https://youtube.com/shorts/sv-cMpd9-MU?feature=share3

ã€Œè¦äº”æ¯›ï¼Œçµ¦ä¸€å¡Šã€",neutral,"{'positive': 0.0, 'neutral': 0.99, 'negative': 0.0}"
@absabs2974,é¡ç¥ç¶“ç¶²è·¯,neutral,"{'positive': 0.0, 'neutral': 1.0, 'negative': 0.0}"
@user-rx3ge3ze8e,æˆ‘è¦ºå¾—å¾ˆç¬¨...,negative,"{'positive': 0.01, 'neutral': 0.34, 'negative': 0.66}"
@calligraphytw,ç°½,neutral,"{'positive': 0.0, 'neutral': 0.99, 'negative': 0.0}"
@LichiChen,10:30 æ˜¯èª°åœ¨å¹æ§äºæ´²äºº,neutral,"{'positive': 0.0, 'neutral': 0.99, 'negative': 0.0}"
@tat4340,ä»€éº¼çˆ›è©©å•¦,negative,"{'positive': 0.02, 'neutral': 0.04, 'negative': 0.95}"
@Quincy001,å¯«ä¸€äº›æ–‡w,neutral,"{'positive': 0.01, 'neutral': 0.99, 'negative': 0.0}"
@acswu2617,å…«æ¯æ°´,neutral,"{'positive': 0.0, 'neutral': 1.0, 'negative': 0.0}"
@frank_1972,tksï¼ŒBï¸,positive,"{'positive': 0.71, 'neutral': 0.29, 'negative': 0.01}"
@Nabuekhunnih,1,neutral,"{'positive': 0.0, 'neutral': 1.0, 'negative': 0.0}"
@LifeHackerZhy,å¥½å‚»,negative,"{'positive': 0.02, 'neutral': 0.45, 'negative': 0.53}"
@sva9629,B.,neutral,"{'positive': 0.05, 'neutral': 0.95, 'negative': 0.0}"
@tibronklawson,Jarvis,neutral,"{'positive': 0.04, 'neutral': 0.95, 'negative': 0.01}"
